country,Year,Children Per Woman,Life Expectancy (Years)
Bangladesh,1799,6.7,25.5
Bangladesh,1800,6.7,25.5
Bangladesh,1801,6.7,25.5
Bangladesh,1802,6.7,25.5
Bangladesh,1803,6.7,25.5
Bangladesh,1804,6.7,25.5
Bangladesh,1805,6.7,25.5
Bangladesh,1806,6.7,25.5
Bangladesh,1807,6.7,25.5
Bangladesh,1808,6.7,25.5
Bangladesh,1809,6.7,25.5
Bangladesh,1810,6.7,25.5
Bangladesh,1811,6.7,25.5
Bangladesh,1812,6.7,25.5
Bangladesh,1813,6.7,25.5
Bangladesh,1814,6.7,25.5
Bangladesh,1815,6.7,25.5
Bangladesh,1816,6.7,25.5
Bangladesh,1817,6.7,25.5
Bangladesh,1818,6.7,25.5
Bangladesh,1819,6.7,25.5
Bangladesh,1820,6.7,25.5
Bangladesh,1821,6.7,25.5
Bangladesh,1822,6.7,25.5
Bangladesh,1823,6.7,25.5
Bangladesh,1824,6.7,25.5
Bangladesh,1825,6.7,25.5
Bangladesh,1826,6.7,25.5
Bangladesh,1827,6.7,25.5
Bangladesh,1828,6.7,25.5
Bangladesh,1829,6.7,25.5
Bangladesh,1830,6.7,25.5
Bangladesh,1831,6.7,25.5
Bangladesh,1832,6.7,25.5
Bangladesh,1833,6.7,25.5
Bangladesh,1834,6.7,25.5
Bangladesh,1835,6.7,25.5
Bangladesh,1836,6.7,25.5
Bangladesh,1837,6.7,25.5
Bangladesh,1838,6.7,25.5
Bangladesh,1839,6.7,25.5
Bangladesh,1840,6.7,25.5
Bangladesh,1841,6.7,25.5
Bangladesh,1842,6.7,25.5
Bangladesh,1843,6.7,25.5
Bangladesh,1844,6.7,25.5
Bangladesh,1845,6.7,25.5
Bangladesh,1846,6.7,25.5
Bangladesh,1847,6.7,25.5
Bangladesh,1848,6.7,25.5
Bangladesh,1849,6.7,25.5
Bangladesh,1850,6.7,25.5
Bangladesh,1851,6.7,25.5
Bangladesh,1852,6.7,25.5
Bangladesh,1853,6.7,25.5
Bangladesh,1854,6.7,25.5
Bangladesh,1855,6.7,25.5
Bangladesh,1856,6.7,25.5
Bangladesh,1857,6.7,25.5
Bangladesh,1858,6.7,25.5
Bangladesh,1859,6.7,25.5
Bangladesh,1860,6.7,25.5
Bangladesh,1861,6.7,25.5
Bangladesh,1862,6.7,25.5
Bangladesh,1863,6.7,25
Bangladesh,1864,6.7,24
Bangladesh,1865,6.7,25.2
Bangladesh,1866,6.7,25.5
Bangladesh,1867,6.7,25.5
Bangladesh,1868,6.7,25.5
Bangladesh,1869,6.7,25.5
Bangladesh,1870,6.7,25.5
Bangladesh,1871,6.7,25.5
Bangladesh,1872,6.7,25.4
Bangladesh,1873,6.7,25.4
Bangladesh,1874,6.7,25.4
Bangladesh,1875,6.7,25.4
Bangladesh,1876,6.7,25.1
Bangladesh,1877,6.7,24.9
Bangladesh,1878,6.7,24.6
Bangladesh,1879,6.7,24.4
Bangladesh,1880,6.7,24.1
Bangladesh,1881,6.7,23.9
Bangladesh,1882,6.7,23.7
Bangladesh,1883,6.7,23.4
Bangladesh,1884,6.7,23.2
Bangladesh,1885,6.7,22.9
Bangladesh,1886,6.7,22.8
Bangladesh,1887,6.7,22.7
Bangladesh,1888,6.7,22.5
Bangladesh,1889,6.7,22.4
Bangladesh,1890,6.7,21.3
Bangladesh,1891,6.7,20.7
Bangladesh,1892,6.7,22
Bangladesh,1893,6.7,21.8
Bangladesh,1894,6.7,21.6
Bangladesh,1895,6.7,19.6
Bangladesh,1896,6.7,18.6
Bangladesh,1897,6.7,21.4
Bangladesh,1898,6.7,21.4
Bangladesh,1899,6.7,21.3
Bangladesh,1900,6.7,21.2
Bangladesh,1901,6.7,21.2
Bangladesh,1902,6.7,21.1
Bangladesh,1903,6.7,21.1
Bangladesh,1904,6.7,21
Bangladesh,1905,6.7,20.9
Bangladesh,1906,6.7,21.1
Bangladesh,1907,6.7,21.2
Bangladesh,1908,6.7,21.4
Bangladesh,1909,6.7,21.5
Bangladesh,1910,6.7,21.7
Bangladesh,1911,6.7,21.8
Bangladesh,1912,6.7,22
Bangladesh,1913,6.7,22.1
Bangladesh,1914,6.7,22.3
Bangladesh,1915,6.7,22.4
Bangladesh,1916,6.7,22.6
Bangladesh,1917,6.7,12.6
Bangladesh,1918,6.7,22.9
Bangladesh,1919,6.7,23
Bangladesh,1920,6.7,23.1
Bangladesh,1921,6.7,23.3
Bangladesh,1922,6.7,23.4
Bangladesh,1923,6.7,23.6
Bangladesh,1924,6.7,23.7
Bangladesh,1925,6.68,23.9
Bangladesh,1926,6.66,24.6
Bangladesh,1927,6.64,25.3
Bangladesh,1928,6.63,26
Bangladesh,1929,6.61,26.7
Bangladesh,1930,6.59,27.4
Bangladesh,1931,6.57,28
Bangladesh,1932,6.55,28.7
Bangladesh,1933,6.53,29.4
Bangladesh,1934,6.51,30.1
Bangladesh,1935,6.49,30.8
Bangladesh,1936,6.48,31.5
Bangladesh,1937,6.46,32.2
Bangladesh,1938,6.44,32.9
Bangladesh,1939,6.42,33.5
Bangladesh,1940,6.4,34.2
Bangladesh,1941,6.38,32
Bangladesh,1942,6.36,22.3
Bangladesh,1943,6.35,24.6
Bangladesh,1944,6.33,35
Bangladesh,1945,6.31,40.6
Bangladesh,1946,6.29,35
Bangladesh,1947,6.27,36.4
Bangladesh,1948,6.25,39.6
Bangladesh,1949,6.23,40.4
Bangladesh,1950,6.27,40.5
Bangladesh,1951,6.33,40.8
Bangladesh,1952,6.39,41.1
Bangladesh,1953,6.45,41.4
Bangladesh,1954,6.5,41.8
Bangladesh,1955,6.56,42.1
Bangladesh,1956,6.6,42.5
Bangladesh,1957,6.65,43
Bangladesh,1958,6.69,43.4
Bangladesh,1959,6.73,43.9
Bangladesh,1960,6.76,44.4
Bangladesh,1961,6.79,45
Bangladesh,1962,6.83,45.4
Bangladesh,1963,6.85,45.9
Bangladesh,1964,6.88,46.2
Bangladesh,1965,6.9,46.2
Bangladesh,1966,6.92,46
Bangladesh,1967,6.94,45.5
Bangladesh,1968,6.95,44.8
Bangladesh,1969,6.95,44.1
Bangladesh,1970,6.94,44.5
Bangladesh,1971,6.93,52.2
Bangladesh,1972,6.9,52.2
Bangladesh,1973,6.87,51.6
Bangladesh,1974,6.82,52.5
Bangladesh,1975,6.76,52.7
Bangladesh,1976,6.68,53
Bangladesh,1977,6.59,53.3
Bangladesh,1978,6.48,53.6
Bangladesh,1979,6.36,54
Bangladesh,1980,6.22,54.2
Bangladesh,1981,6.06,54.5
Bangladesh,1982,5.89,54.9
Bangladesh,1983,5.71,55.4
Bangladesh,1984,5.52,55.4
Bangladesh,1985,5.33,56.4
Bangladesh,1986,5.13,56.9
Bangladesh,1987,4.93,57.2
Bangladesh,1988,4.74,58.1
Bangladesh,1989,4.55,58.3
Bangladesh,1990,4.37,56.8
Bangladesh,1991,4.2,60.1
Bangladesh,1992,4.03,60.9
Bangladesh,1993,3.88,61.7
Bangladesh,1994,3.73,62.1
Bangladesh,1995,3.6,62.9
Bangladesh,1996,3.47,63.7
Bangladesh,1997,3.35,64.5
Bangladesh,1998,3.23,65.2
Bangladesh,1999,3.12,65.5
Bangladesh,2000,3.01,66.1
Bangladesh,2001,2.91,66.5
Bangladesh,2002,2.8,66.8
Bangladesh,2003,2.7,67.3
Bangladesh,2004,2.61,67.6
Bangladesh,2005,2.52,67.9
Bangladesh,2006,2.44,68.1
Bangladesh,2007,2.38,68.5
Bangladesh,2008,2.32,69.1
Bangladesh,2009,2.28,69.5
Bangladesh,2010,2.24,70.3
Bangladesh,2011,2.21,71.1
Bangladesh,2012,2.18,71.7
Bangladesh,2013,2.16,72
Bangladesh,2014,2.13,72.5
Bangladesh,2015,2.1,72.9
Bangladesh,2016,2.08,73.1
Bangladesh,2017,2.05,73.4
Bangladesh,2018,2.02,73.7
Bangladesh,2019,2,73.9
Bangladesh,2020,1.97,74.2
Bangladesh,2021,1.95,74.5
Brazil,1799,6.26,32
Brazil,1800,6.26,32
Brazil,1801,6.26,32
Brazil,1802,6.26,32
Brazil,1803,6.26,32
Brazil,1804,6.26,32
Brazil,1805,6.26,32
Brazil,1806,6.26,32
Brazil,1807,6.26,32
Brazil,1808,6.26,32
Brazil,1809,6.26,32
Brazil,1810,6.26,32
Brazil,1811,6.26,32
Brazil,1812,6.26,32
Brazil,1813,6.26,32
Brazil,1814,6.26,32
Brazil,1815,6.26,32
Brazil,1816,6.26,32
Brazil,1817,6.26,32
Brazil,1818,6.26,32
Brazil,1819,6.26,32
Brazil,1820,6.26,32
Brazil,1821,6.26,32
Brazil,1822,6.26,32
Brazil,1823,6.26,32
Brazil,1824,6.26,32
Brazil,1825,6.26,32
Brazil,1826,6.26,32
Brazil,1827,6.26,32
Brazil,1828,6.26,32
Brazil,1829,6.26,32
Brazil,1830,6.26,32
Brazil,1831,6.26,32
Brazil,1832,6.26,32
Brazil,1833,6.26,32
Brazil,1834,6.26,32
Brazil,1835,6.26,32
Brazil,1836,6.26,32
Brazil,1837,6.26,32
Brazil,1838,6.26,32
Brazil,1839,6.26,32
Brazil,1840,6.26,32
Brazil,1841,6.26,32
Brazil,1842,6.26,32
Brazil,1843,6.26,32
Brazil,1844,6.26,32
Brazil,1845,6.26,32
Brazil,1846,6.26,32
Brazil,1847,6.26,32
Brazil,1848,6.26,32
Brazil,1849,6.26,32
Brazil,1850,6.26,32
Brazil,1851,6.26,32
Brazil,1852,6.26,32
Brazil,1853,6.26,32
Brazil,1854,6.26,32
Brazil,1855,6.26,32
Brazil,1856,6.26,32
Brazil,1857,6.26,32
Brazil,1858,6.26,32
Brazil,1859,6.26,32
Brazil,1860,6.26,32
Brazil,1861,6.26,32
Brazil,1862,6.26,32
Brazil,1863,6.26,32
Brazil,1864,6.26,32
Brazil,1865,6.26,32
Brazil,1866,6.26,32
Brazil,1867,6.26,32
Brazil,1868,6.26,32
Brazil,1869,6.26,32
Brazil,1870,6.26,32
Brazil,1871,6.26,32
Brazil,1872,6.26,32
Brazil,1873,6.26,32
Brazil,1874,6.26,32
Brazil,1875,6.27,32
Brazil,1876,6.27,32
Brazil,1877,6.28,32.1
Brazil,1878,6.29,32.1
Brazil,1879,6.29,32.1
Brazil,1880,6.3,32.1
Brazil,1881,6.29,32.1
Brazil,1882,6.28,32.1
Brazil,1883,6.27,32.1
Brazil,1884,6.26,32.1
Brazil,1885,6.25,32.1
Brazil,1886,6.24,32.1
Brazil,1887,6.23,32.1
Brazil,1888,6.22,32.2
Brazil,1889,6.21,32.2
Brazil,1890,6.2,32.2
Brazil,1891,6.19,32.2
Brazil,1892,6.18,32.2
Brazil,1893,6.17,32.2
Brazil,1894,6.16,32.2
Brazil,1895,6.11,32.2
Brazil,1896,6.05,32.2
Brazil,1897,5.99,32.2
Brazil,1898,5.93,32.3
Brazil,1899,5.88,32.3
Brazil,1900,5.82,32.3
Brazil,1901,5.76,32.3
Brazil,1902,5.78,32.3
Brazil,1903,5.8,32.3
Brazil,1904,5.81,32.3
Brazil,1905,5.83,32.3
Brazil,1906,5.85,32.3
Brazil,1907,5.86,32.3
Brazil,1908,5.88,32.3
Brazil,1909,5.9,32.4
Brazil,1910,5.9,32.4
Brazil,1911,5.9,32.4
Brazil,1912,5.9,32.4
Brazil,1913,5.9,32.4
Brazil,1914,5.9,32.4
Brazil,1915,5.9,32.4
Brazil,1916,5.9,32.4
Brazil,1917,5.9,27.4
Brazil,1918,5.9,32.4
Brazil,1919,5.9,32.4
Brazil,1920,5.9,32.5
Brazil,1921,5.9,32.5
Brazil,1922,5.9,32.5
Brazil,1923,5.9,32.5
Brazil,1924,5.9,32.5
Brazil,1925,5.9,32.5
Brazil,1926,5.9,32.5
Brazil,1927,5.9,32.5
Brazil,1928,5.9,32.5
Brazil,1929,5.9,32.5
Brazil,1930,5.9,33
Brazil,1931,5.9,33.5
Brazil,1932,5.9,34
Brazil,1933,5.9,34.5
Brazil,1934,5.9,35
Brazil,1935,5.9,35.5
Brazil,1936,5.9,35.9
Brazil,1937,5.9,36.4
Brazil,1938,5.9,36.9
Brazil,1939,5.9,37.4
Brazil,1940,5.92,38.5
Brazil,1941,5.95,39.7
Brazil,1942,5.98,40.9
Brazil,1943,6.01,42
Brazil,1944,6.04,43.2
Brazil,1945,6.07,44.8
Brazil,1946,6.09,46.4
Brazil,1947,6.12,48
Brazil,1948,6.15,49.6
Brazil,1949,6.18,51.2
Brazil,1950,6.17,51.5
Brazil,1951,6.15,52
Brazil,1952,6.14,52.5
Brazil,1953,6.14,53
Brazil,1954,6.14,53.5
Brazil,1955,6.16,54
Brazil,1956,6.18,54.5
Brazil,1957,6.2,55.1
Brazil,1958,6.21,55.6
Brazil,1959,6.21,56.1
Brazil,1960,6.19,56.6
Brazil,1961,6.14,57.1
Brazil,1962,6.06,57.6
Brazil,1963,5.95,58
Brazil,1964,5.82,58.5
Brazil,1965,5.66,58.9
Brazil,1966,5.49,59.3
Brazil,1967,5.33,59.7
Brazil,1968,5.17,60.1
Brazil,1969,5.02,60.6
Brazil,1970,4.9,61
Brazil,1971,4.78,61.4
Brazil,1972,4.68,61.9
Brazil,1973,4.59,62.3
Brazil,1974,4.5,62.8
Brazil,1975,4.42,63.2
Brazil,1976,4.34,63.7
Brazil,1977,4.26,64.2
Brazil,1978,4.17,64.6
Brazil,1979,4.07,64.9
Brazil,1980,3.97,65.3
Brazil,1981,3.85,65.5
Brazil,1982,3.72,65.7
Brazil,1983,3.59,65.8
Brazil,1984,3.45,66
Brazil,1985,3.31,66.4
Brazil,1986,3.17,66.7
Brazil,1987,3.04,67.1
Brazil,1988,2.92,67.4
Brazil,1989,2.81,67.5
Brazil,1990,2.72,68.1
Brazil,1991,2.64,68.4
Brazil,1992,2.58,68.5
Brazil,1993,2.54,68.9
Brazil,1994,2.5,69.3
Brazil,1995,2.49,69.7
Brazil,1996,2.46,70.2
Brazil,1997,2.43,70.6
Brazil,1998,2.37,71
Brazil,1999,2.3,71.4
Brazil,2000,2.23,71.8
Brazil,2001,2.16,72.1
Brazil,2002,2.1,72.3
Brazil,2003,2.03,72.6
Brazil,2004,1.98,73.1
Brazil,2005,1.93,73.5
Brazil,2006,1.88,73.7
Brazil,2007,1.85,74
Brazil,2008,1.82,74.2
Brazil,2009,1.81,74.4
Brazil,2010,1.79,74.5
Brazil,2011,1.78,74.9
Brazil,2012,1.77,75.1
Brazil,2013,1.75,75.3
Brazil,2014,1.74,75.5
Brazil,2015,1.73,75.4
Brazil,2016,1.71,75.5
Brazil,2017,1.7,75.7
Brazil,2018,1.69,75.9
Brazil,2019,1.67,76.1
Brazil,2020,1.66,76.3
Brazil,2021,1.65,76.5
China,1799,5.5,32
China,1800,5.5,32
China,1801,5.5,32
China,1802,5.5,32
China,1803,5.5,32
China,1804,5.5,32
China,1805,5.5,32
China,1806,5.5,32
China,1807,5.5,32
China,1808,5.5,32
China,1809,5.5,32
China,1810,5.5,32
China,1811,5.5,32
China,1812,5.5,32
China,1813,5.5,32
China,1814,5.5,32
China,1815,5.5,32
China,1816,5.5,32
China,1817,5.5,32
China,1818,5.5,32
China,1819,5.5,32
China,1820,5.5,32
China,1821,5.5,32
China,1822,5.5,32
China,1823,5.5,32
China,1824,5.5,32
China,1825,5.5,32
China,1826,5.5,32
China,1827,5.5,32
China,1828,5.5,32
China,1829,5.5,32
China,1830,5.5,32
China,1831,5.5,32
China,1832,5.5,32
China,1833,5.5,32
China,1834,5.5,32
China,1835,5.5,32
China,1836,5.5,32
China,1837,5.5,32
China,1838,5.5,32
China,1839,5.5,32
China,1840,5.5,32
China,1841,5.5,32
China,1842,5.5,32
China,1843,5.5,32
China,1844,5.5,32
China,1845,5.5,32
China,1846,5.5,32
China,1847,5.5,32
China,1848,5.5,32
China,1849,5.5,32
China,1850,5.5,31
China,1851,5.5,30
China,1852,5.5,29
China,1853,5.5,28
China,1854,5.5,27
China,1855,5.5,26
China,1856,5.5,26.7
China,1857,5.5,27.4
China,1858,5.5,28.1
China,1859,5.5,28.9
China,1860,5.5,29.6
China,1861,5.5,30.3
China,1862,5.5,31
China,1863,5.5,31.7
China,1864,5.5,31.7
China,1865,5.5,31.8
China,1866,5.5,31.8
China,1867,5.5,31.9
China,1868,5.5,31.9
China,1869,5.5,32
China,1870,5.5,32
China,1871,5.5,32
China,1872,5.5,32
China,1873,5.5,32
China,1874,5.5,32
China,1875,5.5,29.5
China,1876,5.5,27.5
China,1877,5.5,25.2
China,1878,5.5,28.5
China,1879,5.5,32
China,1880,5.5,32
China,1881,5.5,32
China,1882,5.5,32
China,1883,5.5,32
China,1884,5.5,32
China,1885,5.5,32
China,1886,5.5,32
China,1887,5.5,32
China,1888,5.5,32
China,1889,5.5,32
China,1890,5.5,32
China,1891,5.5,32
China,1892,5.5,32
China,1893,5.5,32
China,1894,5.5,32
China,1895,5.5,32
China,1896,5.5,32
China,1897,5.5,32
China,1898,5.5,32
China,1899,5.5,32
China,1900,5.5,32
China,1901,5.5,32
China,1902,5.5,32
China,1903,5.5,32
China,1904,5.5,32
China,1905,5.5,32
China,1906,5.5,32
China,1907,5.5,32
China,1908,5.5,32
China,1909,5.5,32
China,1910,5.5,32
China,1911,5.5,32
China,1912,5.5,32
China,1913,5.5,32
China,1914,5.5,32
China,1915,5.5,32
China,1916,5.5,32
China,1917,5.5,22.4
China,1918,5.5,32
China,1919,5.5,32
China,1920,5.5,32
China,1921,5.5,32
China,1922,5.5,32
China,1923,5.5,32
China,1924,5.5,32
China,1925,5.5,32.3
China,1926,5.5,25.6
China,1927,5.5,33
China,1928,5.5,29.8
China,1929,5.5,33.8
China,1930,5.48,34.2
China,1931,5.45,34.6
China,1932,5.43,35
China,1933,5.4,35.4
China,1934,5.38,35.8
China,1935,5.35,36.2
China,1936,5.33,34
China,1937,5.3,33.8
China,1938,5.28,34.1
China,1939,5.25,34.3
China,1940,5.15,34
China,1941,5.06,32
China,1942,4.96,29
China,1943,4.86,35
China,1944,4.77,37
China,1945,5,38.5
China,1946,5.2,39.5
China,1947,4.91,40
China,1948,5.54,40.5
China,1949,5.29,41.5
China,1950,5.26,42.5
China,1951,5.97,43.5
China,1952,5.67,44.5
China,1953,5.96,46.4
China,1954,5.98,48
China,1955,5.61,50.4
China,1956,6.21,50.5
China,1957,5.5,50.1
China,1958,4.27,38.3
China,1959,3.99,31.6
China,1960,3.28,34
China,1961,5.97,44.4
China,1962,7.41,51.8
China,1963,6.12,53.2
China,1964,6.02,55.5
China,1965,6.21,56.7
China,1966,5.25,58.3
China,1967,6.37,59.3
China,1968,5.67,60.9
China,1969,5.75,62.5
China,1970,5.4,63.1
China,1971,4.92,63.7
China,1972,4.51,64.2
China,1973,4.15,64.5
China,1974,3.58,64.8
China,1975,3.25,64.4
China,1976,2.87,65.2
China,1977,2.74,65.5
China,1978,2.8,65.6
China,1979,2.32,65.8
China,1980,2.67,65.9
China,1981,2.58,66.5
China,1982,2.58,66.9
China,1983,2.62,67.3
China,1984,2.66,67.7
China,1985,2.68,68
China,1986,2.65,68.3
China,1987,2.59,68.3
China,1988,2.49,68.4
China,1989,2.35,68.7
China,1990,2.19,68.8
China,1991,2.02,69.1
China,1992,1.87,69.4
China,1993,1.74,69.7
China,1994,1.64,70
China,1995,1.57,70.4
China,1996,1.53,70.8
China,1997,1.5,71.3
China,1998,1.49,71.7
China,1999,1.5,72.1
China,2000,1.51,72.6
China,2001,1.52,73
China,2002,1.54,73.4
China,2003,1.55,73.7
China,2004,1.57,74.2
China,2005,1.57,74.9
China,2006,1.58,75.4
China,2007,1.58,75.4
China,2008,1.59,75.7
China,2009,1.59,75.8
China,2010,1.59,76
China,2011,1.6,76.2
China,2012,1.6,76.5
China,2013,1.61,76.5
China,2014,1.62,76.5
China,2015,1.62,76.7
China,2016,1.63,77.1
China,2017,1.64,77.3
China,2018,1.64,77.5
China,2019,1.65,77.7
China,2020,1.66,77.9
China,2021,1.66,78
"Congo, Dem. Rep.",1799,5.99,31.6
"Congo, Dem. Rep.",1800,5.99,31.6
"Congo, Dem. Rep.",1801,5.99,31.6
"Congo, Dem. Rep.",1802,5.99,31.6
"Congo, Dem. Rep.",1803,5.99,31.6
"Congo, Dem. Rep.",1804,5.99,31.6
"Congo, Dem. Rep.",1805,5.99,31.6
"Congo, Dem. Rep.",1806,5.99,31.6
"Congo, Dem. Rep.",1807,5.99,31.6
"Congo, Dem. Rep.",1808,5.99,31.6
"Congo, Dem. Rep.",1809,5.99,31.6
"Congo, Dem. Rep.",1810,5.99,31.6
"Congo, Dem. Rep.",1811,5.99,31.6
"Congo, Dem. Rep.",1812,5.99,31.6
"Congo, Dem. Rep.",1813,5.99,31.6
"Congo, Dem. Rep.",1814,5.99,31.6
"Congo, Dem. Rep.",1815,5.99,31.6
"Congo, Dem. Rep.",1816,5.99,31.6
"Congo, Dem. Rep.",1817,5.99,31.6
"Congo, Dem. Rep.",1818,5.99,31.6
"Congo, Dem. Rep.",1819,5.99,31.6
"Congo, Dem. Rep.",1820,5.99,31.6
"Congo, Dem. Rep.",1821,5.99,31.6
"Congo, Dem. Rep.",1822,5.99,31.6
"Congo, Dem. Rep.",1823,5.99,31.6
"Congo, Dem. Rep.",1824,5.99,31.6
"Congo, Dem. Rep.",1825,5.99,31.6
"Congo, Dem. Rep.",1826,5.99,31.6
"Congo, Dem. Rep.",1827,5.99,31.6
"Congo, Dem. Rep.",1828,5.99,31.6
"Congo, Dem. Rep.",1829,5.99,31.6
"Congo, Dem. Rep.",1830,5.99,31.6
"Congo, Dem. Rep.",1831,5.99,31.6
"Congo, Dem. Rep.",1832,5.99,31.6
"Congo, Dem. Rep.",1833,5.99,31.6
"Congo, Dem. Rep.",1834,5.99,31.6
"Congo, Dem. Rep.",1835,5.99,31.6
"Congo, Dem. Rep.",1836,5.99,31.6
"Congo, Dem. Rep.",1837,5.99,31.6
"Congo, Dem. Rep.",1838,5.99,31.6
"Congo, Dem. Rep.",1839,5.99,31.6
"Congo, Dem. Rep.",1840,5.99,31.6
"Congo, Dem. Rep.",1841,5.99,31.6
"Congo, Dem. Rep.",1842,5.99,31.6
"Congo, Dem. Rep.",1843,5.99,31.6
"Congo, Dem. Rep.",1844,5.99,31.6
"Congo, Dem. Rep.",1845,5.99,31.6
"Congo, Dem. Rep.",1846,5.99,31.6
"Congo, Dem. Rep.",1847,5.99,31.6
"Congo, Dem. Rep.",1848,5.99,31.6
"Congo, Dem. Rep.",1849,5.99,31.6
"Congo, Dem. Rep.",1850,5.99,31.6
"Congo, Dem. Rep.",1851,5.99,31.6
"Congo, Dem. Rep.",1852,5.99,31.6
"Congo, Dem. Rep.",1853,5.99,31.6
"Congo, Dem. Rep.",1854,5.99,31.6
"Congo, Dem. Rep.",1855,5.99,31.6
"Congo, Dem. Rep.",1856,5.99,31.6
"Congo, Dem. Rep.",1857,5.99,31.6
"Congo, Dem. Rep.",1858,5.99,31.6
"Congo, Dem. Rep.",1859,5.99,31.6
"Congo, Dem. Rep.",1860,5.99,31.6
"Congo, Dem. Rep.",1861,5.99,31.6
"Congo, Dem. Rep.",1862,5.99,31.6
"Congo, Dem. Rep.",1863,5.99,31.6
"Congo, Dem. Rep.",1864,5.99,31.6
"Congo, Dem. Rep.",1865,5.99,31.6
"Congo, Dem. Rep.",1866,5.99,31.6
"Congo, Dem. Rep.",1867,5.99,31.6
"Congo, Dem. Rep.",1868,5.99,31.6
"Congo, Dem. Rep.",1869,5.99,31.6
"Congo, Dem. Rep.",1870,5.99,31.6
"Congo, Dem. Rep.",1871,5.99,31.7
"Congo, Dem. Rep.",1872,5.99,31.7
"Congo, Dem. Rep.",1873,5.99,31.8
"Congo, Dem. Rep.",1874,5.99,31.8
"Congo, Dem. Rep.",1875,5.99,31.9
"Congo, Dem. Rep.",1876,5.99,31.9
"Congo, Dem. Rep.",1877,5.99,32
"Congo, Dem. Rep.",1878,5.99,32
"Congo, Dem. Rep.",1879,5.99,32.1
"Congo, Dem. Rep.",1880,5.99,32.1
"Congo, Dem. Rep.",1881,5.99,32.2
"Congo, Dem. Rep.",1882,5.99,32.2
"Congo, Dem. Rep.",1883,5.99,32.3
"Congo, Dem. Rep.",1884,5.99,32.3
"Congo, Dem. Rep.",1885,5.99,32.4
"Congo, Dem. Rep.",1886,5.99,32.4
"Congo, Dem. Rep.",1887,5.99,32.4
"Congo, Dem. Rep.",1888,5.99,32.5
"Congo, Dem. Rep.",1889,5.99,32.5
"Congo, Dem. Rep.",1890,5.99,32.6
"Congo, Dem. Rep.",1891,5.99,32.6
"Congo, Dem. Rep.",1892,5.99,32.7
"Congo, Dem. Rep.",1893,5.99,32.7
"Congo, Dem. Rep.",1894,5.99,32.8
"Congo, Dem. Rep.",1895,5.99,32.8
"Congo, Dem. Rep.",1896,5.99,32.9
"Congo, Dem. Rep.",1897,5.99,32.9
"Congo, Dem. Rep.",1898,5.99,33
"Congo, Dem. Rep.",1899,5.99,33
"Congo, Dem. Rep.",1900,5.99,33
"Congo, Dem. Rep.",1901,5.99,33.1
"Congo, Dem. Rep.",1902,5.99,33.1
"Congo, Dem. Rep.",1903,5.99,33.2
"Congo, Dem. Rep.",1904,5.99,33.2
"Congo, Dem. Rep.",1905,5.99,33.3
"Congo, Dem. Rep.",1906,5.99,33.3
"Congo, Dem. Rep.",1907,5.99,33.4
"Congo, Dem. Rep.",1908,5.99,33.4
"Congo, Dem. Rep.",1909,5.99,33.5
"Congo, Dem. Rep.",1910,5.99,33.5
"Congo, Dem. Rep.",1911,5.99,33.6
"Congo, Dem. Rep.",1912,5.99,33.6
"Congo, Dem. Rep.",1913,5.99,33.6
"Congo, Dem. Rep.",1914,5.99,33.7
"Congo, Dem. Rep.",1915,5.99,33.8
"Congo, Dem. Rep.",1916,5.99,33.8
"Congo, Dem. Rep.",1917,5.99,9.7
"Congo, Dem. Rep.",1918,5.99,33.9
"Congo, Dem. Rep.",1919,5.99,33.9
"Congo, Dem. Rep.",1920,5.99,34
"Congo, Dem. Rep.",1921,5.99,34
"Congo, Dem. Rep.",1922,5.99,34.1
"Congo, Dem. Rep.",1923,5.99,34.1
"Congo, Dem. Rep.",1924,5.99,34.2
"Congo, Dem. Rep.",1925,5.99,34.2
"Congo, Dem. Rep.",1926,5.99,34.3
"Congo, Dem. Rep.",1927,5.99,34.3
"Congo, Dem. Rep.",1928,5.99,34.4
"Congo, Dem. Rep.",1929,5.99,34.4
"Congo, Dem. Rep.",1930,5.99,34.5
"Congo, Dem. Rep.",1931,5.99,34.5
"Congo, Dem. Rep.",1932,5.99,34.5
"Congo, Dem. Rep.",1933,5.99,34.6
"Congo, Dem. Rep.",1934,5.99,34.6
"Congo, Dem. Rep.",1935,5.99,34.7
"Congo, Dem. Rep.",1936,5.99,34.7
"Congo, Dem. Rep.",1937,5.99,34.8
"Congo, Dem. Rep.",1938,5.99,34.8
"Congo, Dem. Rep.",1939,5.99,34.9
"Congo, Dem. Rep.",1940,5.99,35.7
"Congo, Dem. Rep.",1941,5.99,36.5
"Congo, Dem. Rep.",1942,5.99,37.3
"Congo, Dem. Rep.",1943,5.99,38
"Congo, Dem. Rep.",1944,5.99,38.8
"Congo, Dem. Rep.",1945,5.99,39.6
"Congo, Dem. Rep.",1946,5.99,40.5
"Congo, Dem. Rep.",1947,5.99,41.3
"Congo, Dem. Rep.",1948,5.99,42.1
"Congo, Dem. Rep.",1949,5.99,42.9
"Congo, Dem. Rep.",1950,5.99,43.1
"Congo, Dem. Rep.",1951,5.98,43.6
"Congo, Dem. Rep.",1952,5.98,44
"Congo, Dem. Rep.",1953,5.97,44.5
"Congo, Dem. Rep.",1954,5.97,44.9
"Congo, Dem. Rep.",1955,5.97,45.3
"Congo, Dem. Rep.",1956,5.98,45.6
"Congo, Dem. Rep.",1957,5.98,45.9
"Congo, Dem. Rep.",1958,5.99,46.3
"Congo, Dem. Rep.",1959,6,46.6
"Congo, Dem. Rep.",1960,6.02,46.9
"Congo, Dem. Rep.",1961,6.03,47.2
"Congo, Dem. Rep.",1962,6.05,47.5
"Congo, Dem. Rep.",1963,6.07,47.8
"Congo, Dem. Rep.",1964,6.09,48.2
"Congo, Dem. Rep.",1965,6.11,48.6
"Congo, Dem. Rep.",1966,6.14,49
"Congo, Dem. Rep.",1967,6.16,49.5
"Congo, Dem. Rep.",1968,6.19,49.9
"Congo, Dem. Rep.",1969,6.21,50.4
"Congo, Dem. Rep.",1970,6.24,50.7
"Congo, Dem. Rep.",1971,6.27,50.9
"Congo, Dem. Rep.",1972,6.3,51.2
"Congo, Dem. Rep.",1973,6.33,51.5
"Congo, Dem. Rep.",1974,6.37,51.7
"Congo, Dem. Rep.",1975,6.4,51.9
"Congo, Dem. Rep.",1976,6.44,52.1
"Congo, Dem. Rep.",1977,6.49,52.3
"Congo, Dem. Rep.",1978,6.54,52.5
"Congo, Dem. Rep.",1979,6.59,52.7
"Congo, Dem. Rep.",1980,6.64,52.9
"Congo, Dem. Rep.",1981,6.69,53.2
"Congo, Dem. Rep.",1982,6.74,53.5
"Congo, Dem. Rep.",1983,6.79,54
"Congo, Dem. Rep.",1984,6.85,54.3
"Congo, Dem. Rep.",1985,6.9,54.4
"Congo, Dem. Rep.",1986,6.96,54.3
"Congo, Dem. Rep.",1987,7.02,54.3
"Congo, Dem. Rep.",1988,7.08,54.1
"Congo, Dem. Rep.",1989,7.13,53.9
"Congo, Dem. Rep.",1990,7.17,53.8
"Congo, Dem. Rep.",1991,7.19,53.8
"Congo, Dem. Rep.",1992,7.2,53.6
"Congo, Dem. Rep.",1993,7.19,53.5
"Congo, Dem. Rep.",1994,7.18,53.5
"Congo, Dem. Rep.",1995,7.15,51.8
"Congo, Dem. Rep.",1996,7.11,51.9
"Congo, Dem. Rep.",1997,7.06,53.1
"Congo, Dem. Rep.",1998,7.02,53.4
"Congo, Dem. Rep.",1999,6.96,53.8
"Congo, Dem. Rep.",2000,6.91,54.1
"Congo, Dem. Rep.",2001,6.86,54.3
"Congo, Dem. Rep.",2002,6.81,54.6
"Congo, Dem. Rep.",2003,6.76,55.3
"Congo, Dem. Rep.",2004,6.71,55.9
"Congo, Dem. Rep.",2005,6.66,56.3
"Congo, Dem. Rep.",2006,6.61,56.6
"Congo, Dem. Rep.",2007,6.57,56.8
"Congo, Dem. Rep.",2008,6.52,57.1
"Congo, Dem. Rep.",2009,6.47,57.9
"Congo, Dem. Rep.",2010,6.42,58.5
"Congo, Dem. Rep.",2011,6.36,59
"Congo, Dem. Rep.",2012,6.3,59.8
"Congo, Dem. Rep.",2013,6.24,60.5
"Congo, Dem. Rep.",2014,6.17,61.3
"Congo, Dem. Rep.",2015,6.09,61.9
"Congo, Dem. Rep.",2016,6.02,62.4
"Congo, Dem. Rep.",2017,5.92,62.7
"Congo, Dem. Rep.",2018,5.82,63
"Congo, Dem. Rep.",2019,5.72,63.4
"Congo, Dem. Rep.",2020,5.62,63.6
"Congo, Dem. Rep.",2021,5.52,63.9
Egypt,1799,6.06,33
Egypt,1800,6.06,33
Egypt,1801,6.06,33
Egypt,1802,6.06,33
Egypt,1803,6.06,33
Egypt,1804,6.06,33
Egypt,1805,6.06,33
Egypt,1806,6.06,33
Egypt,1807,6.06,33
Egypt,1808,6.06,33
Egypt,1809,6.06,33
Egypt,1810,6.06,33
Egypt,1811,6.06,33
Egypt,1812,6.06,33
Egypt,1813,6.06,33
Egypt,1814,6.05,33
Egypt,1815,6.05,33
Egypt,1816,6.05,33
Egypt,1817,6.05,33
Egypt,1818,6.05,33
Egypt,1819,6.05,33
Egypt,1820,6.05,33
Egypt,1821,6.05,33
Egypt,1822,6.05,33
Egypt,1823,6.05,33
Egypt,1824,6.05,33
Egypt,1825,6.05,33
Egypt,1826,6.05,33
Egypt,1827,6.05,33
Egypt,1828,6.05,33
Egypt,1829,6.05,33
Egypt,1830,6.05,33
Egypt,1831,6.05,33
Egypt,1832,6.05,33
Egypt,1833,6.05,33
Egypt,1834,6.05,33
Egypt,1835,6.05,33
Egypt,1836,6.05,33
Egypt,1837,6.05,33
Egypt,1838,6.05,33
Egypt,1839,6.05,33
Egypt,1840,6.05,33
Egypt,1841,6.05,33
Egypt,1842,6.05,33
Egypt,1843,6.05,33
Egypt,1844,6.04,33
Egypt,1845,6.04,33
Egypt,1846,6.04,33
Egypt,1847,6.04,33
Egypt,1848,6.04,33
Egypt,1849,6.04,33
Egypt,1850,6.04,33
Egypt,1851,6.04,33
Egypt,1852,6.04,33
Egypt,1853,6.04,33
Egypt,1854,6.04,33
Egypt,1855,6.04,33
Egypt,1856,6.04,33
Egypt,1857,6.04,33
Egypt,1858,6.04,33
Egypt,1859,6.04,33
Egypt,1860,6.04,33
Egypt,1861,6.04,33
Egypt,1862,6.04,33
Egypt,1863,6.04,33
Egypt,1864,6.04,33
Egypt,1865,6.04,33
Egypt,1866,6.04,33
Egypt,1867,6.04,33
Egypt,1868,6.04,33
Egypt,1869,6.04,33
Egypt,1870,6.04,33
Egypt,1871,6.04,33
Egypt,1872,6.04,33
Egypt,1873,6.04,33
Egypt,1874,6.03,33
Egypt,1875,6.03,33
Egypt,1876,6.03,32.9
Egypt,1877,6.03,32.9
Egypt,1878,6.03,32.9
Egypt,1879,6.03,32.9
Egypt,1880,6.03,32.9
Egypt,1881,6.03,32.9
Egypt,1882,6.03,32.9
Egypt,1883,6.03,32.9
Egypt,1884,6.03,32.9
Egypt,1885,6.03,32.9
Egypt,1886,6.03,32.9
Egypt,1887,6.03,32.8
Egypt,1888,6.03,32.8
Egypt,1889,6.03,32.8
Egypt,1890,6.03,32.8
Egypt,1891,6.03,32.8
Egypt,1892,6.03,32.8
Egypt,1893,6.03,32.8
Egypt,1894,6.03,32.8
Egypt,1895,6.03,32.8
Egypt,1896,6.03,32.8
Egypt,1897,6.03,32.8
Egypt,1898,6.03,32.7
Egypt,1899,6.03,32.7
Egypt,1900,6.03,32.7
Egypt,1901,6.03,32.7
Egypt,1902,6.03,32.7
Egypt,1903,6.03,32.7
Egypt,1904,6.02,32.7
Egypt,1905,6.02,32.7
Egypt,1906,6.02,32.7
Egypt,1907,6.02,32.7
Egypt,1908,6.02,32.7
Egypt,1909,6.02,32.6
Egypt,1910,6.02,32.6
Egypt,1911,6.02,32.6
Egypt,1912,5.99,32.6
Egypt,1913,5.97,32.6
Egypt,1914,5.94,32.6
Egypt,1915,5.97,32.6
Egypt,1916,5.99,32.6
Egypt,1917,6.02,24.9
Egypt,1918,6.05,32.6
Egypt,1919,6.08,32.6
Egypt,1920,6.08,32.5
Egypt,1921,6.07,32.5
Egypt,1922,6.07,32.5
Egypt,1923,6.07,32.5
Egypt,1924,6.07,32.5
Egypt,1925,6.15,32.5
Egypt,1926,6.24,32.5
Egypt,1927,6.33,30.2
Egypt,1928,6.42,30.1
Egypt,1929,6.51,34.8
Egypt,1930,6.4,32
Egypt,1931,6.29,30.5
Egypt,1932,6.18,31.8
Egypt,1933,6.08,31
Egypt,1934,5.97,32.6
Egypt,1935,5.95,30.8
Egypt,1936,5.93,33.9
Egypt,1937,5.91,34.2
Egypt,1938,5.9,35.3
Egypt,1939,5.88,33.8
Egypt,1940,5.92,35
Egypt,1941,5.97,29.9
Egypt,1942,6.01,29.2
Egypt,1943,6.05,32.7
Egypt,1944,6.1,31.6
Egypt,1945,6.21,33.7
Egypt,1946,6.32,35.4
Egypt,1947,6.43,35.5
Egypt,1948,6.54,35.9
Egypt,1949,6.65,37.6
Egypt,1950,6.66,38.3
Egypt,1951,6.69,39.7
Egypt,1952,6.71,40.9
Egypt,1953,6.72,42.1
Egypt,1954,6.73,43.1
Egypt,1955,6.74,44.1
Egypt,1956,6.74,44.9
Egypt,1957,6.74,45.6
Egypt,1958,6.73,46.3
Egypt,1959,6.72,46.9
Egypt,1960,6.7,47.5
Egypt,1961,6.67,48
Egypt,1962,6.65,48.4
Egypt,1963,6.62,48.9
Egypt,1964,6.58,49.3
Egypt,1965,6.53,49.7
Egypt,1966,6.47,50
Egypt,1967,6.4,50.3
Egypt,1968,6.32,50.5
Egypt,1969,6.23,50.8
Egypt,1970,6.14,51.7
Egypt,1971,6.06,51.9
Egypt,1972,5.97,52.3
Egypt,1973,5.9,53.3
Egypt,1974,5.83,54
Egypt,1975,5.78,54.7
Egypt,1976,5.73,55.4
Egypt,1977,5.68,56.3
Egypt,1978,5.64,57.3
Egypt,1979,5.6,58
Egypt,1980,5.56,58.3
Egypt,1981,5.53,58.9
Egypt,1982,5.49,59.5
Egypt,1983,5.44,60.3
Egypt,1984,5.38,60.2
Egypt,1985,5.29,61
Egypt,1986,5.18,61.4
Egypt,1987,5.03,63.1
Egypt,1988,4.86,63.7
Egypt,1989,4.66,64.4
Egypt,1990,4.46,64.9
Egypt,1991,4.25,65.5
Egypt,1992,4.05,65.7
Egypt,1993,3.87,66
Egypt,1994,3.71,66.6
Egypt,1995,3.57,67.1
Egypt,1996,3.46,67.4
Egypt,1997,3.37,67.8
Egypt,1998,3.29,68.2
Egypt,1999,3.23,68.7
Egypt,2000,3.18,68.5
Egypt,2001,3.13,68.4
Egypt,2002,3.09,68.4
Egypt,2003,3.05,68.6
Egypt,2004,3.02,68.8
Egypt,2005,3,68.9
Egypt,2006,3.02,69.3
Egypt,2007,3.06,69.4
Egypt,2008,3.11,69.3
Egypt,2009,3.19,69.4
Egypt,2010,3.25,69.6
Egypt,2011,3.31,69.8
Egypt,2012,3.34,70.2
Egypt,2013,3.34,70.5
Egypt,2014,3.31,70.2
Egypt,2015,3.27,70.5
Egypt,2016,3.21,70.6
Egypt,2017,3.15,70.8
Egypt,2018,3.1,71
Egypt,2019,3.06,71.1
Egypt,2020,3.02,71.3
Egypt,2021,2.98,71.4
Ethiopia,1799,7.17,29.7
Ethiopia,1800,7.17,29.7
Ethiopia,1801,7.17,29.7
Ethiopia,1802,7.17,29.7
Ethiopia,1803,7.17,29.7
Ethiopia,1804,7.17,29.7
Ethiopia,1805,7.17,29.7
Ethiopia,1806,7.17,29.7
Ethiopia,1807,7.17,29.7
Ethiopia,1808,7.17,29.7
Ethiopia,1809,7.17,29.7
Ethiopia,1810,7.17,29.7
Ethiopia,1811,7.17,29.7
Ethiopia,1812,7.17,29.7
Ethiopia,1813,7.17,29.7
Ethiopia,1814,7.17,29.7
Ethiopia,1815,7.17,29.7
Ethiopia,1816,7.17,29.7
Ethiopia,1817,7.17,29.7
Ethiopia,1818,7.17,29.7
Ethiopia,1819,7.17,29.7
Ethiopia,1820,7.17,29.7
Ethiopia,1821,7.17,29.7
Ethiopia,1822,7.17,29.7
Ethiopia,1823,7.17,29.7
Ethiopia,1824,7.17,29.7
Ethiopia,1825,7.17,29.7
Ethiopia,1826,7.17,29.7
Ethiopia,1827,7.17,28
Ethiopia,1828,7.17,27
Ethiopia,1829,7.17,26
Ethiopia,1830,7.17,27
Ethiopia,1831,7.17,29.7
Ethiopia,1832,7.17,29.7
Ethiopia,1833,7.17,29.7
Ethiopia,1834,7.17,28
Ethiopia,1835,7.17,27
Ethiopia,1836,7.17,26
Ethiopia,1837,7.17,27
Ethiopia,1838,7.17,29.7
Ethiopia,1839,7.17,29.7
Ethiopia,1840,7.17,29.7
Ethiopia,1841,7.17,29.7
Ethiopia,1842,7.17,29.7
Ethiopia,1843,7.17,29.7
Ethiopia,1844,7.17,29.7
Ethiopia,1845,7.17,29.7
Ethiopia,1846,7.17,29.7
Ethiopia,1847,7.17,29.7
Ethiopia,1848,7.17,29.7
Ethiopia,1849,7.17,29.7
Ethiopia,1850,7.17,29.7
Ethiopia,1851,7.17,29.7
Ethiopia,1852,7.17,29.7
Ethiopia,1853,7.17,29.7
Ethiopia,1854,7.17,29.7
Ethiopia,1855,7.17,29.7
Ethiopia,1856,7.17,29.7
Ethiopia,1857,7.17,29.7
Ethiopia,1858,7.17,29.7
Ethiopia,1859,7.17,29.7
Ethiopia,1860,7.17,29.7
Ethiopia,1861,7.17,29.7
Ethiopia,1862,7.17,29.7
Ethiopia,1863,7.17,26
Ethiopia,1864,7.17,25
Ethiopia,1865,7.17,24
Ethiopia,1866,7.17,29.7
Ethiopia,1867,7.17,29.7
Ethiopia,1868,7.17,29.7
Ethiopia,1869,7.17,29.7
Ethiopia,1870,7.17,29.7
Ethiopia,1871,7.17,29.7
Ethiopia,1872,7.17,29.7
Ethiopia,1873,7.17,29.7
Ethiopia,1874,7.17,29.7
Ethiopia,1875,7.17,29.7
Ethiopia,1876,7.17,29.7
Ethiopia,1877,7.17,29.7
Ethiopia,1878,7.17,29.7
Ethiopia,1879,7.17,27
Ethiopia,1880,7.17,26
Ethiopia,1881,7.17,29.7
Ethiopia,1882,7.17,29.7
Ethiopia,1883,7.17,29.7
Ethiopia,1884,7.17,29.7
Ethiopia,1885,7.17,29.7
Ethiopia,1886,7.17,29.7
Ethiopia,1887,7.17,17
Ethiopia,1888,7.17,5
Ethiopia,1889,7.17,4
Ethiopia,1890,7.17,8
Ethiopia,1891,7.17,14
Ethiopia,1892,7.17,29.7
Ethiopia,1893,7.17,29.7
Ethiopia,1894,7.17,29.5
Ethiopia,1895,7.17,28.7
Ethiopia,1896,7.17,29.7
Ethiopia,1897,7.17,29.7
Ethiopia,1898,7.17,29.7
Ethiopia,1899,7.17,29.7
Ethiopia,1900,7.17,29.7
Ethiopia,1901,7.17,29.7
Ethiopia,1902,7.17,29.7
Ethiopia,1903,7.17,29.7
Ethiopia,1904,7.17,29.7
Ethiopia,1905,7.17,29.7
Ethiopia,1906,7.17,29.7
Ethiopia,1907,7.17,29.7
Ethiopia,1908,7.17,29.7
Ethiopia,1909,7.17,29.7
Ethiopia,1910,7.17,29.7
Ethiopia,1911,7.17,29.7
Ethiopia,1912,7.17,29.7
Ethiopia,1913,7.17,29.7
Ethiopia,1914,7.17,29.7
Ethiopia,1915,7.17,29.7
Ethiopia,1916,7.17,29.7
Ethiopia,1917,7.17,11.5
Ethiopia,1918,7.17,29.7
Ethiopia,1919,7.17,29.7
Ethiopia,1920,7.17,29.7
Ethiopia,1921,7.17,29.7
Ethiopia,1922,7.17,29.7
Ethiopia,1923,7.17,29.7
Ethiopia,1924,7.17,29.7
Ethiopia,1925,7.18,29.7
Ethiopia,1926,7.18,29.7
Ethiopia,1927,7.19,29.7
Ethiopia,1928,7.2,29.7
Ethiopia,1929,7.21,29.7
Ethiopia,1930,7.21,29.7
Ethiopia,1931,7.22,29.7
Ethiopia,1932,7.23,29.7
Ethiopia,1933,7.23,29.7
Ethiopia,1934,7.24,27.5
Ethiopia,1935,7.25,23
Ethiopia,1936,7.26,29
Ethiopia,1937,7.26,29
Ethiopia,1938,7.27,29
Ethiopia,1939,7.28,28
Ethiopia,1940,7.29,28
Ethiopia,1941,7.29,29.7
Ethiopia,1942,7.3,29.7
Ethiopia,1943,7.31,29.7
Ethiopia,1944,7.31,29.7
Ethiopia,1945,7.32,30.4
Ethiopia,1946,7.33,31.1
Ethiopia,1947,7.34,31.9
Ethiopia,1948,7.34,32.6
Ethiopia,1949,7.35,33.3
Ethiopia,1950,7.3,33.5
Ethiopia,1951,7.2,33.8
Ethiopia,1952,7.12,34.3
Ethiopia,1953,7.05,34.7
Ethiopia,1954,6.99,35.2
Ethiopia,1955,6.95,35.8
Ethiopia,1956,6.92,33
Ethiopia,1957,6.9,31
Ethiopia,1958,6.89,37.7
Ethiopia,1959,6.88,38.4
Ethiopia,1960,6.88,39.1
Ethiopia,1961,6.88,39.7
Ethiopia,1962,6.87,40.3
Ethiopia,1963,6.87,40.2
Ethiopia,1964,6.86,39
Ethiopia,1965,6.87,40
Ethiopia,1966,6.88,42
Ethiopia,1967,6.9,42.4
Ethiopia,1968,6.94,42.7
Ethiopia,1969,6.98,43
Ethiopia,1970,7.02,43.2
Ethiopia,1971,7.06,43.1
Ethiopia,1972,7.09,41
Ethiopia,1973,7.12,38.9
Ethiopia,1974,7.14,40
Ethiopia,1975,7.17,44.1
Ethiopia,1976,7.2,43.7
Ethiopia,1977,7.23,43.6
Ethiopia,1978,7.27,44.5
Ethiopia,1979,7.32,44.9
Ethiopia,1980,7.36,45.3
Ethiopia,1981,7.4,45.5
Ethiopia,1982,7.42,41.4
Ethiopia,1983,7.44,41.8
Ethiopia,1984,7.44,46.4
Ethiopia,1985,7.42,46.9
Ethiopia,1986,7.39,47.5
Ethiopia,1987,7.35,47.9
Ethiopia,1988,7.3,47.6
Ethiopia,1989,7.25,47.1
Ethiopia,1990,7.19,47.8
Ethiopia,1991,7.14,48.2
Ethiopia,1992,7.09,48.6
Ethiopia,1993,7.05,48.8
Ethiopia,1994,7,49.1
Ethiopia,1995,6.94,49.7
Ethiopia,1996,6.86,50.2
Ethiopia,1997,6.77,50.6
Ethiopia,1998,6.66,50.3
Ethiopia,1999,6.53,50.8
Ethiopia,2000,6.38,53
Ethiopia,2001,6.22,53.9
Ethiopia,2002,6.04,54.8
Ethiopia,2003,5.87,55.7
Ethiopia,2004,5.69,56.8
Ethiopia,2005,5.52,57.9
Ethiopia,2006,5.36,59.2
Ethiopia,2007,5.2,60.5
Ethiopia,2008,5.06,61.7
Ethiopia,2009,4.92,62.9
Ethiopia,2010,4.8,64
Ethiopia,2011,4.68,65
Ethiopia,2012,4.56,65.8
Ethiopia,2013,4.44,66.6
Ethiopia,2014,4.32,67.2
Ethiopia,2015,4.2,67.8
Ethiopia,2016,4.08,68.4
Ethiopia,2017,3.97,68.8
Ethiopia,2018,3.86,69.1
Ethiopia,2019,3.76,69.5
Ethiopia,2020,3.66,69.9
Ethiopia,2021,3.56,70.2
Indonesia,1799,6.07,30
Indonesia,1800,6.07,30
Indonesia,1801,6.07,30
Indonesia,1802,6.07,30
Indonesia,1803,6.07,30
Indonesia,1804,6.07,30
Indonesia,1805,6.07,30
Indonesia,1806,6.07,30
Indonesia,1807,6.07,30
Indonesia,1808,6.07,30
Indonesia,1809,6.07,30
Indonesia,1810,6.07,30
Indonesia,1811,6.07,30
Indonesia,1812,6.07,30
Indonesia,1813,6.07,30
Indonesia,1814,6.07,30
Indonesia,1815,6.07,30
Indonesia,1816,6.07,30
Indonesia,1817,6.07,30
Indonesia,1818,6.07,30
Indonesia,1819,6.07,30
Indonesia,1820,6.07,30
Indonesia,1821,6.07,30
Indonesia,1822,6.07,30
Indonesia,1823,6.07,30
Indonesia,1824,6.07,30
Indonesia,1825,6.07,30
Indonesia,1826,6.07,30
Indonesia,1827,6.07,30
Indonesia,1828,6.07,30
Indonesia,1829,6.07,30
Indonesia,1830,6.07,30
Indonesia,1831,6.07,30
Indonesia,1832,6.07,30
Indonesia,1833,6.07,30
Indonesia,1834,6.07,30
Indonesia,1835,6.07,30
Indonesia,1836,6.07,30
Indonesia,1837,6.07,30
Indonesia,1838,6.07,30
Indonesia,1839,6.07,30
Indonesia,1840,6.07,30
Indonesia,1841,6.07,30
Indonesia,1842,6.07,30
Indonesia,1843,6.07,30
Indonesia,1844,6.07,30
Indonesia,1845,6.07,30
Indonesia,1846,6.07,30
Indonesia,1847,6.07,30
Indonesia,1848,6.07,30
Indonesia,1849,6.07,30
Indonesia,1850,6.07,30
Indonesia,1851,6.07,30
Indonesia,1852,6.07,30
Indonesia,1853,6.07,30
Indonesia,1854,6.07,30
Indonesia,1855,6.07,30
Indonesia,1856,6.07,30
Indonesia,1857,6.07,30
Indonesia,1858,6.07,30
Indonesia,1859,6.07,30
Indonesia,1860,6.07,30
Indonesia,1861,6.07,30
Indonesia,1862,6.07,30
Indonesia,1863,6.07,30
Indonesia,1864,6.07,30
Indonesia,1865,6.07,30
Indonesia,1866,6.07,30
Indonesia,1867,6.07,30
Indonesia,1868,6.07,30
Indonesia,1869,6.07,30
Indonesia,1870,6.07,30
Indonesia,1871,6.07,30
Indonesia,1872,6.07,30
Indonesia,1873,6.07,30
Indonesia,1874,6.07,30.1
Indonesia,1875,6.07,30.1
Indonesia,1876,6.07,30.1
Indonesia,1877,6.07,30.1
Indonesia,1878,6.07,30.1
Indonesia,1879,6.07,30.1
Indonesia,1880,6.07,30.1
Indonesia,1881,6.07,30.1
Indonesia,1882,6.07,30.1
Indonesia,1883,6.07,30.1
Indonesia,1884,6.07,30.1
Indonesia,1885,6.07,30.1
Indonesia,1886,6.07,30.2
Indonesia,1887,6.07,30.2
Indonesia,1888,6.07,30.2
Indonesia,1889,6.07,30.2
Indonesia,1890,6.07,30.2
Indonesia,1891,6.07,30.2
Indonesia,1892,6.07,30.2
Indonesia,1893,6.07,30.2
Indonesia,1894,6.07,30.2
Indonesia,1895,6.07,30.2
Indonesia,1896,6.06,30.3
Indonesia,1897,6.06,30.3
Indonesia,1898,6.05,30.3
Indonesia,1899,6.05,30.3
Indonesia,1900,6.04,30.3
Indonesia,1901,6.04,30.3
Indonesia,1902,6.03,30.3
Indonesia,1903,5.99,30.3
Indonesia,1904,5.95,30.3
Indonesia,1905,6.06,30.3
Indonesia,1906,6.26,30.3
Indonesia,1907,6.23,30.4
Indonesia,1908,6.2,30.4
Indonesia,1909,6.17,30.4
Indonesia,1910,6.14,30.4
Indonesia,1911,6.11,30.4
Indonesia,1912,6.08,30.4
Indonesia,1913,5.84,30.4
Indonesia,1914,5.72,30.4
Indonesia,1915,5.59,30.4
Indonesia,1916,5.46,30.4
Indonesia,1917,5.34,14.2
Indonesia,1918,5.21,30.4
Indonesia,1919,5.48,30.5
Indonesia,1920,5.48,30.5
Indonesia,1921,5.47,30.5
Indonesia,1922,5.47,30.5
Indonesia,1923,5.46,30.5
Indonesia,1924,5.46,30.5
Indonesia,1925,5.45,30.5
Indonesia,1926,5.45,30.5
Indonesia,1927,5.44,31
Indonesia,1928,5.44,31.6
Indonesia,1929,5.44,32.1
Indonesia,1930,5.43,32.6
Indonesia,1931,5.43,33.1
Indonesia,1932,5.42,33.6
Indonesia,1933,5.42,34.1
Indonesia,1934,5.41,34.7
Indonesia,1935,5.41,35.2
Indonesia,1936,5.4,35.7
Indonesia,1937,5.4,36.1
Indonesia,1938,5.4,36.5
Indonesia,1939,5.39,36.9
Indonesia,1940,5.39,37.3
Indonesia,1941,5.38,29.6
Indonesia,1942,5.38,28.6
Indonesia,1943,5.37,27.6
Indonesia,1944,5.37,26.6
Indonesia,1945,5.36,31.2
Indonesia,1946,5.36,31.7
Indonesia,1947,5.35,32.3
Indonesia,1948,5.35,32.8
Indonesia,1949,5.35,37.3
Indonesia,1950,5.39,37.8
Indonesia,1951,5.46,38.8
Indonesia,1952,5.53,39.7
Indonesia,1953,5.58,40.6
Indonesia,1954,5.62,41.6
Indonesia,1955,5.65,42.5
Indonesia,1956,5.67,43.4
Indonesia,1957,5.67,44.3
Indonesia,1958,5.67,45.2
Indonesia,1959,5.67,46
Indonesia,1960,5.66,46.9
Indonesia,1961,5.65,47.7
Indonesia,1962,5.63,48.5
Indonesia,1963,5.62,49.4
Indonesia,1964,5.61,44.8
Indonesia,1965,5.6,45.2
Indonesia,1966,5.58,51.7
Indonesia,1967,5.56,52.5
Indonesia,1968,5.52,53.3
Indonesia,1969,5.47,54
Indonesia,1970,5.41,54.5
Indonesia,1971,5.34,55
Indonesia,1972,5.25,55.6
Indonesia,1973,5.15,56.3
Indonesia,1974,5.04,56.7
Indonesia,1975,4.93,57.2
Indonesia,1976,4.81,57.8
Indonesia,1977,4.68,58.3
Indonesia,1978,4.56,58.9
Indonesia,1979,4.43,59.5
Indonesia,1980,4.3,60.2
Indonesia,1981,4.17,60.7
Indonesia,1982,4.03,61.1
Indonesia,1983,3.89,61.6
Indonesia,1984,3.75,62
Indonesia,1985,3.61,62.4
Indonesia,1986,3.47,62.6
Indonesia,1987,3.35,63.1
Indonesia,1988,3.23,63.5
Indonesia,1989,3.12,63.9
Indonesia,1990,3.02,64.3
Indonesia,1991,2.93,64.8
Indonesia,1992,2.84,65.2
Indonesia,1993,2.76,65.6
Indonesia,1994,2.69,66
Indonesia,1995,2.63,66.4
Indonesia,1996,2.58,66.7
Indonesia,1997,2.54,66.9
Indonesia,1998,2.52,67
Indonesia,1999,2.51,67.3
Indonesia,2000,2.51,67.6
Indonesia,2001,2.51,67.8
Indonesia,2002,2.51,68
Indonesia,2003,2.52,66.5
Indonesia,2004,2.51,68.5
Indonesia,2005,2.51,68.7
Indonesia,2006,2.51,69
Indonesia,2007,2.5,69.2
Indonesia,2008,2.49,69.4
Indonesia,2009,2.48,69.7
Indonesia,2010,2.47,70
Indonesia,2011,2.46,70.3
Indonesia,2012,2.44,70.5
Indonesia,2013,2.41,70.8
Indonesia,2014,2.39,71
Indonesia,2015,2.36,71.2
Indonesia,2016,2.34,71.5
Indonesia,2017,2.31,71.7
Indonesia,2018,2.29,71.9
Indonesia,2019,2.26,72.1
Indonesia,2020,2.24,72.3
Indonesia,2021,2.22,72.5
India,1799,5.95,25.4
India,1800,5.95,25.4
India,1801,5.95,25
India,1802,5.95,24
India,1803,5.95,23.5
India,1804,5.95,25.4
India,1805,5.95,25.4
India,1806,5.95,25.4
India,1807,5.95,25.4
India,1808,5.95,25.4
India,1809,5.95,25.4
India,1810,5.95,25.4
India,1811,5.95,23
India,1812,5.95,25.4
India,1813,5.95,25.4
India,1814,5.95,25.4
India,1815,5.95,25.4
India,1816,5.95,25.4
India,1817,5.95,25.4
India,1818,5.95,25.4
India,1819,5.95,25.4
India,1820,5.95,25.4
India,1821,5.95,25.4
India,1822,5.95,25.4
India,1823,5.95,25.4
India,1824,5.95,25.4
India,1825,5.95,25.4
India,1826,5.95,25.4
India,1827,5.95,25.4
India,1828,5.95,25.4
India,1829,5.95,25.4
India,1830,5.95,25.4
India,1831,5.95,23
India,1832,5.95,22
India,1833,5.95,25.4
India,1834,5.95,25.4
India,1835,5.95,25.4
India,1836,5.95,24.3
India,1837,5.95,23.9
India,1838,5.95,25.4
India,1839,5.95,25.4
India,1840,5.95,25.4
India,1841,5.95,25.4
India,1842,5.95,25.4
India,1843,5.95,25.4
India,1844,5.95,25.4
India,1845,5.95,25.4
India,1846,5.95,25.4
India,1847,5.95,25.4
India,1848,5.95,25.4
India,1849,5.95,25.4
India,1850,5.95,25.4
India,1851,5.95,25.4
India,1852,5.95,25.4
India,1853,5.95,25.4
India,1854,5.95,25.4
India,1855,5.95,25.4
India,1856,5.95,25.4
India,1857,5.95,25.4
India,1858,5.95,25.4
India,1859,5.95,23
India,1860,5.95,22
India,1861,5.95,25.4
India,1862,5.95,25.4
India,1863,5.95,25.3
India,1864,5.95,25.3
India,1865,5.95,21
India,1866,5.95,25.3
India,1867,5.95,25.3
India,1868,5.95,21.3
India,1869,5.95,25.4
India,1870,5.95,25.4
India,1871,5.95,25.4
India,1872,5.95,25.4
India,1873,5.95,25.5
India,1874,5.95,25.1
India,1875,5.95,20
India,1876,5.95,19
India,1877,5.95,20
India,1878,5.95,25.5
India,1879,5.95,25.5
India,1880,5.92,25.5
India,1881,5.89,25.4
India,1882,5.86,25.3
India,1883,5.82,25.1
India,1884,5.79,25
India,1885,5.76,24.9
India,1886,5.76,24.8
India,1887,5.75,24.5
India,1888,5.75,24.4
India,1889,5.75,24.4
India,1890,5.75,23.1
India,1891,5.74,22.7
India,1892,5.74,24.2
India,1893,5.74,24.1
India,1894,5.73,24
India,1895,5.73,22.8
India,1896,5.73,19.9
India,1897,5.73,25.8
India,1898,5.73,23.4
India,1899,5.73,18.4
India,1900,5.73,23.1
India,1901,5.72,23.7
India,1902,5.72,23.5
India,1903,5.72,22.1
India,1904,5.72,22
India,1905,5.72,22
India,1906,5.72,19.3
India,1907,5.72,23.4
India,1908,5.71,23.3
India,1909,5.71,23.3
India,1910,5.71,23.3
India,1911,5.71,23.5
India,1912,5.71,23.7
India,1913,5.7,23.9
India,1914,5.7,24.1
India,1915,5.7,24.3
India,1916,5.71,24.4
India,1917,5.72,8.16
India,1918,5.73,24.7
India,1919,5.74,24.9
India,1920,5.76,25
India,1921,5.77,25.5
India,1922,5.78,25.9
India,1923,5.79,26.4
India,1924,5.8,26.8
India,1925,5.81,27.3
India,1926,5.82,27.7
India,1927,5.83,28.2
India,1928,5.85,28.6
India,1929,5.86,29.1
India,1930,5.87,29.6
India,1931,5.88,29.9
India,1932,5.89,30.2
India,1933,5.91,30.6
India,1934,5.92,30.9
India,1935,5.93,31.2
India,1936,5.93,31.6
India,1937,5.93,31.9
India,1938,5.93,32.2
India,1939,5.92,32.6
India,1940,5.92,32.9
India,1941,5.92,33.1
India,1942,5.92,32.4
India,1943,5.92,32.9
India,1944,5.92,33.9
India,1945,5.92,34.2
India,1946,5.91,32.7
India,1947,5.91,34.4
India,1948,5.9,34.9
India,1949,5.9,35.2
India,1950,5.9,35.5
India,1951,5.9,36.2
India,1952,5.9,36.9
India,1953,5.9,37.6
India,1954,5.9,38.3
India,1955,5.9,39
India,1956,5.9,39.7
India,1957,5.9,40.4
India,1958,5.9,41.1
India,1959,5.91,41.9
India,1960,5.9,42.6
India,1961,5.89,43.4
India,1962,5.88,44.1
India,1963,5.86,44.9
India,1964,5.83,45.7
India,1965,5.79,46.5
India,1966,5.75,47.3
India,1967,5.7,48
India,1968,5.65,48.7
India,1969,5.59,49.5
India,1970,5.52,49.9
India,1971,5.44,50.4
India,1972,5.36,51
India,1973,5.28,51.5
India,1974,5.19,52
India,1975,5.11,52.6
India,1976,5.03,53.1
India,1977,4.96,53.8
India,1978,4.89,54.4
India,1979,4.83,55
India,1980,4.77,55.5
India,1981,4.7,56
India,1982,4.64,56.5
India,1983,4.56,56.9
India,1984,4.48,57.4
India,1985,4.4,57.8
India,1986,4.31,58.3
India,1987,4.22,58.7
India,1988,4.13,59.1
India,1989,4.05,59.6
India,1990,3.96,59.9
India,1991,3.88,60.2
India,1992,3.8,60.8
India,1993,3.72,61.3
India,1994,3.65,61.8
India,1995,3.58,62.1
India,1996,3.51,62
India,1997,3.45,62.1
India,1998,3.38,62.6
India,1999,3.31,62.9
India,2000,3.24,63.3
India,2001,3.18,63.9
India,2002,3.11,64.5
India,2003,3.04,65.2
India,2004,2.97,65.5
India,2005,2.9,65.8
India,2006,2.82,66
India,2007,2.75,66.2
India,2008,2.67,66.5
India,2009,2.6,66.7
India,2010,2.53,66.9
India,2011,2.48,67.3
India,2012,2.43,67.7
India,2013,2.38,68.1
India,2014,2.35,68.4
India,2015,2.33,68.6
India,2016,2.3,69
India,2017,2.28,69.2
India,2018,2.26,69.5
India,2019,2.24,69.7
India,2020,2.22,69.9
India,2021,2.2,70.1
Japan,1799,4.08,36.4
Japan,1800,4.11,36.4
Japan,1801,4.14,36.4
Japan,1802,4.17,36.4
Japan,1803,4.2,36.4
Japan,1804,4.23,36.4
Japan,1805,4.25,36.4
Japan,1806,4.28,36.4
Japan,1807,4.31,36.4
Japan,1808,4.34,36.4
Japan,1809,4.37,36.4
Japan,1810,4.4,36.4
Japan,1811,4.43,36.4
Japan,1812,4.43,36.4
Japan,1813,4.44,36.4
Japan,1814,4.44,36.4
Japan,1815,4.45,36.4
Japan,1816,4.45,36.4
Japan,1817,4.45,36.4
Japan,1818,4.46,36.4
Japan,1819,4.46,36.4
Japan,1820,4.47,36.4
Japan,1821,4.47,36.4
Japan,1822,4.48,36.4
Japan,1823,4.48,36.4
Japan,1824,4.48,36.4
Japan,1825,4.49,36.4
Japan,1826,4.49,36.4
Japan,1827,4.5,36.4
Japan,1828,4.5,36.4
Japan,1829,4.51,36.4
Japan,1830,4.51,36.4
Japan,1831,4.51,36.4
Japan,1832,4.52,36.4
Japan,1833,4.52,36.4
Japan,1834,4.53,36.4
Japan,1835,4.53,36.4
Japan,1836,4.54,36.4
Japan,1837,4.54,36.4
Japan,1838,4.55,36.4
Japan,1839,4.56,36.4
Japan,1840,4.58,36.4
Japan,1841,4.59,36.4
Japan,1842,4.6,36.4
Japan,1843,4.61,36.4
Japan,1844,4.62,36.4
Japan,1845,4.64,36.4
Japan,1846,4.65,36.4
Japan,1847,4.66,36.4
Japan,1848,4.67,36.4
Japan,1849,4.68,36.4
Japan,1850,4.7,36.4
Japan,1851,4.71,36.4
Japan,1852,4.72,36.4
Japan,1853,4.73,36.4
Japan,1854,4.74,36.4
Japan,1855,4.76,36.4
Japan,1856,4.77,36.4
Japan,1857,4.78,36.4
Japan,1858,4.79,36.4
Japan,1859,4.8,36.4
Japan,1860,4.82,36.4
Japan,1861,4.83,36.4
Japan,1862,4.84,36.4
Japan,1863,4.7,36.4
Japan,1864,4.55,36.4
Japan,1865,4.41,36.5
Japan,1866,4.27,36.5
Japan,1867,4.13,36.5
Japan,1868,3.98,36.6
Japan,1869,3.84,36.6
Japan,1870,3.7,36.6
Japan,1871,3.56,36.7
Japan,1872,3.41,36.7
Japan,1873,3.52,36.8
Japan,1874,3.74,36.8
Japan,1875,3.75,36.9
Japan,1876,3.67,36.9
Japan,1877,3.58,37
Japan,1878,3.55,37
Japan,1879,3.59,37.1
Japan,1880,3.77,37.1
Japan,1881,3.67,37.2
Japan,1882,3.96,37.3
Japan,1883,3.8,37.3
Japan,1884,3.98,37.4
Japan,1885,4.04,37.5
Japan,1886,4.04,37.5
Japan,1887,4.43,37.6
Japan,1888,4.54,37.7
Japan,1889,4.18,37.7
Japan,1890,3.99,37.8
Japan,1891,4.4,37.9
Japan,1892,4.26,38
Japan,1893,4.35,38.1
Japan,1894,4.36,38.2
Japan,1895,4.51,38.3
Japan,1896,4.66,38.4
Japan,1897,4.72,38.5
Japan,1898,4.73,38.6
Japan,1899,4.69,38.7
Japan,1900,5.01,38.8
Japan,1901,4.97,39
Japan,1902,4.83,39.1
Japan,1903,4.61,39.2
Japan,1904,4.52,39.3
Japan,1905,4.38,39.5
Japan,1906,5.03,39.6
Japan,1907,5.13,39.8
Japan,1908,5.16,40
Japan,1909,5.01,40.1
Japan,1910,5.19,40.3
Japan,1911,5.08,40.5
Japan,1912,5.07,40.7
Japan,1913,5.14,40.9
Japan,1914,4.91,41
Japan,1915,4.98,41.3
Japan,1916,4.95,41.5
Japan,1917,4.83,32.8
Japan,1918,4.77,42
Japan,1919,5.35,42.2
Japan,1920,5.22,42.5
Japan,1921,5.12,42.8
Japan,1922,5.26,43.4
Japan,1923,5.07,44
Japan,1924,5.22,44.6
Japan,1925,5.19,45.3
Japan,1926,5,45.9
Japan,1927,5.09,46.2
Japan,1928,4.87,46.5
Japan,1929,4.82,46.9
Japan,1930,4.76,47.2
Japan,1931,4.86,47.5
Japan,1932,4.63,47.9
Japan,1933,4.39,48.2
Japan,1934,4.59,48.5
Japan,1935,4.34,48.9
Japan,1936,4.45,49.3
Japan,1937,3.87,49.3
Japan,1938,3.79,49.3
Japan,1939,4.13,49.3
Japan,1940,4.35,49
Japan,1941,4.17,48.8
Japan,1942,4.1,46.3
Japan,1943,3.93,40.3
Japan,1944,3.1,30.7
Japan,1945,3.35,46.8
Japan,1946,4.48,52.1
Japan,1947,4.35,57.3
Japan,1948,4.27,58.1
Japan,1949,3.48,59.7
Japan,1950,3.34,61.4
Japan,1951,3.07,63.5
Japan,1952,2.84,63.8
Japan,1953,2.63,65.1
Japan,1954,2.46,66.2
Japan,1955,2.32,66.1
Japan,1956,2.21,66
Japan,1957,2.13,67.6
Japan,1958,2.07,68
Japan,1959,2.04,68.3
Japan,1960,2.02,69
Japan,1961,2.01,69.3
Japan,1962,2.01,70.3
Japan,1963,2.01,70.8
Japan,1964,2.02,70.9
Japan,1965,2.03,71.7
Japan,1966,2.04,72
Japan,1967,2.07,72.3
Japan,1968,2.09,72.6
Japan,1969,2.11,72.7
Japan,1970,2.12,73.1
Japan,1971,2.11,73.5
Japan,1972,2.09,73.8
Japan,1973,2.05,74.2
Japan,1974,2,74.7
Japan,1975,1.94,75.2
Japan,1976,1.89,75.6
Japan,1977,1.84,76
Japan,1978,1.81,76.3
Japan,1979,1.78,76.6
Japan,1980,1.77,76.9
Japan,1981,1.76,77.2
Japan,1982,1.75,77.5
Japan,1983,1.73,77.8
Japan,1984,1.71,78.1
Japan,1985,1.69,78.4
Japan,1986,1.66,78.7
Japan,1987,1.63,78.9
Japan,1988,1.6,79.1
Japan,1989,1.56,79.3
Japan,1990,1.53,79.4
Japan,1991,1.5,79.5
Japan,1992,1.47,79.7
Japan,1993,1.44,80.1
Japan,1994,1.41,80
Japan,1995,1.39,80.5
Japan,1996,1.37,80.8
Japan,1997,1.35,80.8
Japan,1998,1.34,81
Japan,1999,1.32,81.4
Japan,2000,1.31,81.7
Japan,2001,1.3,82
Japan,2002,1.3,82.1
Japan,2003,1.3,82.3
Japan,2004,1.31,82.3
Japan,2005,1.32,82.6
Japan,2006,1.33,82.8
Japan,2007,1.34,82.9
Japan,2008,1.36,83.1
Japan,2009,1.37,83.1
Japan,2010,1.39,82.9
Japan,2011,1.4,83.4
Japan,2012,1.42,83.6
Japan,2013,1.43,83.8
Japan,2014,1.44,84.1
Japan,2015,1.46,84.2
Japan,2016,1.47,84.2
Japan,2017,1.48,84.4
Japan,2018,1.5,84.5
Japan,2019,1.51,84.7
Japan,2020,1.52,84.8
Japan,2021,1.53,84.9
Nigeria,1799,6.55,30.4
Nigeria,1800,6.55,30.4
Nigeria,1801,6.55,30.4
Nigeria,1802,6.55,30.4
Nigeria,1803,6.55,30.4
Nigeria,1804,6.55,30.4
Nigeria,1805,6.55,30.4
Nigeria,1806,6.55,30.4
Nigeria,1807,6.55,30.4
Nigeria,1808,6.55,30.4
Nigeria,1809,6.55,30.4
Nigeria,1810,6.55,30.4
Nigeria,1811,6.55,30.4
Nigeria,1812,6.55,30.4
Nigeria,1813,6.55,30.4
Nigeria,1814,6.55,30.4
Nigeria,1815,6.55,30.4
Nigeria,1816,6.55,30.4
Nigeria,1817,6.55,30.4
Nigeria,1818,6.55,30.4
Nigeria,1819,6.55,30.4
Nigeria,1820,6.55,30.4
Nigeria,1821,6.55,30.4
Nigeria,1822,6.55,30.4
Nigeria,1823,6.55,30.4
Nigeria,1824,6.55,30.4
Nigeria,1825,6.55,30.4
Nigeria,1826,6.55,30.4
Nigeria,1827,6.55,30.4
Nigeria,1828,6.55,30.4
Nigeria,1829,6.55,30.4
Nigeria,1830,6.55,30.4
Nigeria,1831,6.55,30.4
Nigeria,1832,6.55,30.4
Nigeria,1833,6.55,30.4
Nigeria,1834,6.55,30.4
Nigeria,1835,6.55,30.4
Nigeria,1836,6.55,30.4
Nigeria,1837,6.55,30.4
Nigeria,1838,6.55,30.4
Nigeria,1839,6.55,30.4
Nigeria,1840,6.55,30.4
Nigeria,1841,6.55,30.4
Nigeria,1842,6.55,30.4
Nigeria,1843,6.55,30.4
Nigeria,1844,6.55,30.4
Nigeria,1845,6.55,30.4
Nigeria,1846,6.55,30.4
Nigeria,1847,6.55,30.4
Nigeria,1848,6.55,30.4
Nigeria,1849,6.55,30.4
Nigeria,1850,6.55,30.4
Nigeria,1851,6.55,30.4
Nigeria,1852,6.55,30.4
Nigeria,1853,6.55,30.4
Nigeria,1854,6.55,30.4
Nigeria,1855,6.55,30.4
Nigeria,1856,6.55,30.4
Nigeria,1857,6.55,30.4
Nigeria,1858,6.55,30.4
Nigeria,1859,6.55,30.4
Nigeria,1860,6.55,30.4
Nigeria,1861,6.55,30.4
Nigeria,1862,6.55,30.4
Nigeria,1863,6.55,30.4
Nigeria,1864,6.55,30.4
Nigeria,1865,6.55,30.4
Nigeria,1866,6.55,30.4
Nigeria,1867,6.55,30.4
Nigeria,1868,6.55,30.4
Nigeria,1869,6.55,30.4
Nigeria,1870,6.55,30.5
Nigeria,1871,6.55,30.6
Nigeria,1872,6.55,30.7
Nigeria,1873,6.55,30.9
Nigeria,1874,6.55,31
Nigeria,1875,6.55,31.1
Nigeria,1876,6.55,31.2
Nigeria,1877,6.55,31.3
Nigeria,1878,6.55,31.4
Nigeria,1879,6.55,31.5
Nigeria,1880,6.55,31.6
Nigeria,1881,6.55,31.8
Nigeria,1882,6.55,31.9
Nigeria,1883,6.55,32
Nigeria,1884,6.55,32.1
Nigeria,1885,6.55,32.2
Nigeria,1886,6.55,32.3
Nigeria,1887,6.55,32.4
Nigeria,1888,6.55,32.5
Nigeria,1889,6.55,32.6
Nigeria,1890,6.55,32.8
Nigeria,1891,6.55,32.9
Nigeria,1892,6.55,33
Nigeria,1893,6.55,33.1
Nigeria,1894,6.55,33.2
Nigeria,1895,6.55,33.3
Nigeria,1896,6.55,33.4
Nigeria,1897,6.55,33.5
Nigeria,1898,6.55,33.7
Nigeria,1899,6.55,33.8
Nigeria,1900,6.55,33.9
Nigeria,1901,6.55,34
Nigeria,1902,6.55,34.1
Nigeria,1903,6.55,34.2
Nigeria,1904,6.55,34.3
Nigeria,1905,6.55,34.5
Nigeria,1906,6.55,34.6
Nigeria,1907,6.55,34.7
Nigeria,1908,6.55,34.8
Nigeria,1909,6.55,34.9
Nigeria,1910,6.55,35
Nigeria,1911,6.55,35.1
Nigeria,1912,6.55,35.2
Nigeria,1913,6.55,35.4
Nigeria,1914,6.55,35.5
Nigeria,1915,6.55,35.6
Nigeria,1916,6.55,35.7
Nigeria,1917,6.55,16.9
Nigeria,1918,6.55,35.9
Nigeria,1919,6.55,36
Nigeria,1920,6.55,36.1
Nigeria,1921,6.55,36.3
Nigeria,1922,6.55,36.4
Nigeria,1923,6.55,36.5
Nigeria,1924,6.55,36.6
Nigeria,1925,6.54,36.7
Nigeria,1926,6.53,36.8
Nigeria,1927,6.53,36.9
Nigeria,1928,6.52,37
Nigeria,1929,6.51,37.1
Nigeria,1930,6.5,37.3
Nigeria,1931,6.5,37.4
Nigeria,1932,6.49,37.5
Nigeria,1933,6.48,37.6
Nigeria,1934,6.47,37.7
Nigeria,1935,6.47,37.8
Nigeria,1936,6.46,37.9
Nigeria,1937,6.45,38
Nigeria,1938,6.44,38.2
Nigeria,1939,6.43,38.3
Nigeria,1940,6.43,38.4
Nigeria,1941,6.42,38.5
Nigeria,1942,6.41,38.6
Nigeria,1943,6.4,38.7
Nigeria,1944,6.4,38.8
Nigeria,1945,6.39,39.7
Nigeria,1946,6.38,40.6
Nigeria,1947,6.37,41.4
Nigeria,1948,6.36,42.3
Nigeria,1949,6.36,43.2
Nigeria,1950,6.36,43.5
Nigeria,1951,6.35,44.1
Nigeria,1952,6.35,44.7
Nigeria,1953,6.35,45.3
Nigeria,1954,6.35,45.9
Nigeria,1955,6.35,46.6
Nigeria,1956,6.35,47.3
Nigeria,1957,6.36,48.1
Nigeria,1958,6.36,48.8
Nigeria,1959,6.35,49.6
Nigeria,1960,6.35,50.3
Nigeria,1961,6.35,51
Nigeria,1962,6.34,51.8
Nigeria,1963,6.34,52.4
Nigeria,1964,6.34,53.1
Nigeria,1965,6.34,53.8
Nigeria,1966,6.36,46.2
Nigeria,1967,6.39,39.5
Nigeria,1968,6.43,36.9
Nigeria,1969,6.47,50.7
Nigeria,1970,6.52,51.1
Nigeria,1971,6.58,51.6
Nigeria,1972,6.63,52.1
Nigeria,1973,6.67,52.7
Nigeria,1974,6.71,53.2
Nigeria,1975,6.74,53.6
Nigeria,1976,6.76,54.2
Nigeria,1977,6.77,54.6
Nigeria,1978,6.78,55
Nigeria,1979,6.78,55.3
Nigeria,1980,6.78,55.5
Nigeria,1981,6.77,55.7
Nigeria,1982,6.75,55.9
Nigeria,1983,6.73,56
Nigeria,1984,6.7,56.3
Nigeria,1985,6.66,56.1
Nigeria,1986,6.63,55.9
Nigeria,1987,6.58,55.7
Nigeria,1988,6.54,55.6
Nigeria,1989,6.49,55.5
Nigeria,1990,6.44,55.5
Nigeria,1991,6.4,55.6
Nigeria,1992,6.35,55.5
Nigeria,1993,6.3,55.5
Nigeria,1994,6.26,55.4
Nigeria,1995,6.22,55.2
Nigeria,1996,6.19,55.4
Nigeria,1997,6.16,55.3
Nigeria,1998,6.13,55.2
Nigeria,1999,6.11,55.2
Nigeria,2000,6.08,55.4
Nigeria,2001,6.06,55.7
Nigeria,2002,6.04,56
Nigeria,2003,6.01,56.5
Nigeria,2004,5.99,57.3
Nigeria,2005,5.96,57.9
Nigeria,2006,5.93,58.5
Nigeria,2007,5.9,59.2
Nigeria,2008,5.87,59.9
Nigeria,2009,5.84,60.5
Nigeria,2010,5.8,61.1
Nigeria,2011,5.76,61.7
Nigeria,2012,5.71,62.4
Nigeria,2013,5.65,62.6
Nigeria,2014,5.59,63.4
Nigeria,2015,5.53,63.9
Nigeria,2016,5.46,64.3
Nigeria,2017,5.39,64.8
Nigeria,2018,5.32,65.2
Nigeria,2019,5.25,65.6
Nigeria,2020,5.18,66
Nigeria,2021,5.11,66.4
Pakistan,1799,6.59,25.8
Pakistan,1800,6.59,25.8
Pakistan,1801,6.59,25.8
Pakistan,1802,6.59,25.8
Pakistan,1803,6.59,25.8
Pakistan,1804,6.59,25.8
Pakistan,1805,6.59,25.8
Pakistan,1806,6.59,25.8
Pakistan,1807,6.59,25.8
Pakistan,1808,6.59,25.8
Pakistan,1809,6.59,25.8
Pakistan,1810,6.59,25.8
Pakistan,1811,6.59,23.3
Pakistan,1812,6.59,25.8
Pakistan,1813,6.59,25.8
Pakistan,1814,6.59,25.8
Pakistan,1815,6.59,25.8
Pakistan,1816,6.59,25.8
Pakistan,1817,6.59,25.8
Pakistan,1818,6.59,25.8
Pakistan,1819,6.59,25.8
Pakistan,1820,6.59,25.8
Pakistan,1821,6.59,25.8
Pakistan,1822,6.59,25.8
Pakistan,1823,6.59,25.8
Pakistan,1824,6.59,25.8
Pakistan,1825,6.59,25.8
Pakistan,1826,6.59,25.8
Pakistan,1827,6.59,25.8
Pakistan,1828,6.59,25.8
Pakistan,1829,6.59,25.8
Pakistan,1830,6.59,25.8
Pakistan,1831,6.59,25.8
Pakistan,1832,6.59,25.8
Pakistan,1833,6.59,25.8
Pakistan,1834,6.59,25.8
Pakistan,1835,6.59,25.8
Pakistan,1836,6.59,25.8
Pakistan,1837,6.59,25.8
Pakistan,1838,6.59,25.8
Pakistan,1839,6.59,25.8
Pakistan,1840,6.59,25.8
Pakistan,1841,6.59,25.8
Pakistan,1842,6.59,25.8
Pakistan,1843,6.59,25.8
Pakistan,1844,6.59,25.8
Pakistan,1845,6.59,25.8
Pakistan,1846,6.59,25.8
Pakistan,1847,6.59,25.8
Pakistan,1848,6.59,25.8
Pakistan,1849,6.59,25.8
Pakistan,1850,6.59,25.8
Pakistan,1851,6.59,25.8
Pakistan,1852,6.59,25.8
Pakistan,1853,6.59,25.8
Pakistan,1854,6.59,25.8
Pakistan,1855,6.59,25.8
Pakistan,1856,6.59,25.8
Pakistan,1857,6.59,25.8
Pakistan,1858,6.59,25.8
Pakistan,1859,6.59,25.8
Pakistan,1860,6.59,25.8
Pakistan,1861,6.59,25.8
Pakistan,1862,6.59,25.8
Pakistan,1863,6.59,25.8
Pakistan,1864,6.59,25.8
Pakistan,1865,6.59,25.8
Pakistan,1866,6.59,25.8
Pakistan,1867,6.59,25.8
Pakistan,1868,6.59,25.8
Pakistan,1869,6.59,25.8
Pakistan,1870,6.59,25.8
Pakistan,1871,6.59,25.8
Pakistan,1872,6.59,25.8
Pakistan,1873,6.59,25.9
Pakistan,1874,6.59,25.9
Pakistan,1875,6.59,25.9
Pakistan,1876,6.59,26
Pakistan,1877,6.59,26.2
Pakistan,1878,6.59,26.3
Pakistan,1879,6.59,26.5
Pakistan,1880,6.59,26.6
Pakistan,1881,6.59,26.7
Pakistan,1882,6.59,26.9
Pakistan,1883,6.59,27
Pakistan,1884,6.59,27.2
Pakistan,1885,6.59,27.3
Pakistan,1886,6.59,26.9
Pakistan,1887,6.59,26.6
Pakistan,1888,6.59,26.2
Pakistan,1889,6.59,25.8
Pakistan,1890,6.59,25.4
Pakistan,1891,6.59,23.8
Pakistan,1892,6.59,24.7
Pakistan,1893,6.59,24.3
Pakistan,1894,6.59,23.9
Pakistan,1895,6.59,23.5
Pakistan,1896,6.59,23.3
Pakistan,1897,6.59,23.1
Pakistan,1898,6.59,22.9
Pakistan,1899,6.59,21.4
Pakistan,1900,6.59,22.6
Pakistan,1901,6.59,22.4
Pakistan,1902,6.59,22.2
Pakistan,1903,6.59,20.6
Pakistan,1904,6.59,20.4
Pakistan,1905,6.59,20.3
Pakistan,1906,6.59,18.1
Pakistan,1907,6.59,22.3
Pakistan,1908,6.59,22.6
Pakistan,1909,6.59,22.9
Pakistan,1910,6.59,23.2
Pakistan,1911,6.59,23.6
Pakistan,1912,6.59,23.9
Pakistan,1913,6.59,24.2
Pakistan,1914,6.59,24.6
Pakistan,1915,6.59,24.9
Pakistan,1916,6.59,25.2
Pakistan,1917,6.59,8.42
Pakistan,1918,6.59,25.9
Pakistan,1919,6.59,26.2
Pakistan,1920,6.59,26.5
Pakistan,1921,6.59,26.9
Pakistan,1922,6.59,27.2
Pakistan,1923,6.59,27.5
Pakistan,1924,6.59,27.9
Pakistan,1925,6.59,28.2
Pakistan,1926,6.59,28.6
Pakistan,1927,6.59,29
Pakistan,1928,6.59,29.4
Pakistan,1929,6.59,29.7
Pakistan,1930,6.59,30.1
Pakistan,1931,6.59,30.5
Pakistan,1932,6.59,30.9
Pakistan,1933,6.59,31.3
Pakistan,1934,6.59,31.7
Pakistan,1935,6.59,32
Pakistan,1936,6.59,32.4
Pakistan,1937,6.6,32.8
Pakistan,1938,6.6,33.2
Pakistan,1939,6.6,33.6
Pakistan,1940,6.6,34
Pakistan,1941,6.6,34.4
Pakistan,1942,6.6,34.8
Pakistan,1943,6.6,35.2
Pakistan,1944,6.6,35.6
Pakistan,1945,6.6,36
Pakistan,1946,6.6,11.1
Pakistan,1947,6.6,32.8
Pakistan,1948,6.6,37.1
Pakistan,1949,6.6,37.5
Pakistan,1950,6.6,38.2
Pakistan,1951,6.6,39.4
Pakistan,1952,6.6,40.7
Pakistan,1953,6.6,41.9
Pakistan,1954,6.6,43.1
Pakistan,1955,6.6,44.2
Pakistan,1956,6.6,45.4
Pakistan,1957,6.6,46.5
Pakistan,1958,6.6,47.5
Pakistan,1959,6.6,48.6
Pakistan,1960,6.6,49.5
Pakistan,1961,6.6,50.5
Pakistan,1962,6.6,51.4
Pakistan,1963,6.6,52.2
Pakistan,1964,6.6,53
Pakistan,1965,6.6,53.7
Pakistan,1966,6.6,54.4
Pakistan,1967,6.6,55
Pakistan,1968,6.6,55.7
Pakistan,1969,6.6,56.2
Pakistan,1970,6.6,51.6
Pakistan,1971,6.61,57
Pakistan,1972,6.61,57.3
Pakistan,1973,6.61,57.5
Pakistan,1974,6.61,57.9
Pakistan,1975,6.61,58.3
Pakistan,1976,6.6,58.5
Pakistan,1977,6.58,58.9
Pakistan,1978,6.56,59.3
Pakistan,1979,6.54,59.6
Pakistan,1980,6.51,59.9
Pakistan,1981,6.48,60.3
Pakistan,1982,6.46,60.6
Pakistan,1983,6.44,60.9
Pakistan,1984,6.41,61
Pakistan,1985,6.37,61.2
Pakistan,1986,6.31,61.2
Pakistan,1987,6.23,61.3
Pakistan,1988,6.14,61.5
Pakistan,1989,6.02,61.7
Pakistan,1990,5.9,61.4
Pakistan,1991,5.76,61.4
Pakistan,1992,5.62,61.4
Pakistan,1993,5.48,61.4
Pakistan,1994,5.34,61.2
Pakistan,1995,5.2,61.3
Pakistan,1996,5.05,61.3
Pakistan,1997,4.89,61.5
Pakistan,1998,4.73,61.7
Pakistan,1999,4.58,61.9
Pakistan,2000,4.44,62.1
Pakistan,2001,4.31,62.3
Pakistan,2002,4.21,62.4
Pakistan,2003,4.13,62.6
Pakistan,2004,4.07,61.8
Pakistan,2005,4.02,63.1
Pakistan,2006,3.98,63.5
Pakistan,2007,3.94,63.7
Pakistan,2008,3.9,64
Pakistan,2009,3.86,64.3
Pakistan,2010,3.8,64.7
Pakistan,2011,3.74,65
Pakistan,2012,3.68,65.3
Pakistan,2013,3.62,65.5
Pakistan,2014,3.55,66
Pakistan,2015,3.48,66.4
Pakistan,2016,3.41,66.8
Pakistan,2017,3.35,67
Pakistan,2018,3.29,67.2
Pakistan,2019,3.23,67.3
Pakistan,2020,3.17,67.5
Pakistan,2021,3.12,67.6
Russia,1799,7,29.6
Russia,1800,7,29.6
Russia,1801,7,29.6
Russia,1802,7,29.6
Russia,1803,7,29.6
Russia,1804,7,29.6
Russia,1805,7,29.6
Russia,1806,7,29.6
Russia,1807,7,29.6
Russia,1808,7,29.6
Russia,1809,7,29.6
Russia,1810,7,29.6
Russia,1811,7,29.6
Russia,1812,7,29.6
Russia,1813,7,29.6
Russia,1814,7,29.6
Russia,1815,7,29.6
Russia,1816,7,29.6
Russia,1817,7,29.6
Russia,1818,7,29.6
Russia,1819,7,29.6
Russia,1820,7,29.6
Russia,1821,7,29.6
Russia,1822,7,29.6
Russia,1823,7,29.6
Russia,1824,7,29.6
Russia,1825,7,29.6
Russia,1826,7,29.6
Russia,1827,7,29.6
Russia,1828,7,29.6
Russia,1829,7,29.6
Russia,1830,7,29.6
Russia,1831,7,29.6
Russia,1832,7,29.6
Russia,1833,7,29.6
Russia,1834,7,29.6
Russia,1835,7,29.6
Russia,1836,7,29.6
Russia,1837,7,29.6
Russia,1838,7,29.6
Russia,1839,7,29.6
Russia,1840,7,29.6
Russia,1841,7,29.6
Russia,1842,7.01,29.6
Russia,1843,7.02,29.6
Russia,1844,7.03,29.6
Russia,1845,7.05,29.6
Russia,1846,7.06,29.6
Russia,1847,7.08,18
Russia,1848,7.08,29.6
Russia,1849,7.07,29.6
Russia,1850,7.07,29.6
Russia,1851,7.07,29.6
Russia,1852,7.06,29.5
Russia,1853,7.05,27.5
Russia,1854,7.03,27.5
Russia,1855,7.01,29
Russia,1856,7,29.6
Russia,1857,6.98,29.6
Russia,1858,6.97,29.6
Russia,1859,6.95,29.6
Russia,1860,6.93,29.6
Russia,1861,6.95,29.6
Russia,1862,6.96,29.6
Russia,1863,6.98,29.6
Russia,1864,6.99,29.6
Russia,1865,7.01,29.6
Russia,1866,7.02,29.6
Russia,1867,6.51,27.9
Russia,1868,6.87,27.9
Russia,1869,6.74,31.1
Russia,1870,7.03,28.1
Russia,1871,6.85,25.9
Russia,1872,7.24,29.5
Russia,1873,7.17,30.5
Russia,1874,7.15,31.1
Russia,1875,7.02,30.9
Russia,1876,6.87,31.3
Russia,1877,6.58,27.8
Russia,1878,6.98,30.8
Russia,1879,6.8,30.2
Russia,1880,6.66,32.2
Russia,1881,7.03,26.7
Russia,1882,6.89,29.1
Russia,1883,6.83,32.8
Russia,1884,6.74,30.8
Russia,1885,6.47,34.3
Russia,1886,6.61,33.2
Russia,1887,6.96,33.1
Russia,1888,6.8,31
Russia,1889,6.71,29.9
Russia,1890,7.44,26.4
Russia,1891,6.57,21.3
Russia,1892,7.17,27.6
Russia,1893,7.18,28.1
Russia,1894,7.34,26.9
Russia,1895,7.43,28.3
Russia,1896,7.52,30.5
Russia,1897,7.28,27.9
Russia,1898,7.36,31.6
Russia,1899,7.36,30.8
Russia,1900,7.2,29.1
Russia,1901,7.36,29.8
Russia,1902,7.2,31.8
Russia,1903,7.24,32.2
Russia,1904,6.72,30.5
Russia,1905,7.04,32
Russia,1906,7.08,33.6
Russia,1907,7.44,33.6
Russia,1908,7.12,32.4
Russia,1909,7.2,31.4
Russia,1910,7.2,35.1
Russia,1911,7.04,35.5
Russia,1912,6.96,33.3
Russia,1913,6.88,33
Russia,1914,3.36,31.5
Russia,1915,5.2,31.5
Russia,1916,5.04,29
Russia,1917,5.72,23
Russia,1918,3.44,25
Russia,1919,6.72,20.5
Russia,1920,4.72,23.8
Russia,1921,6,24.7
Russia,1922,6.48,33.6
Russia,1923,6.72,36.1
Russia,1924,6.8,35.2
Russia,1925,6.72,38.4
Russia,1926,6.64,37.5
Russia,1927,6.52,38.9
Russia,1928,6.16,37.4
Russia,1929,5.76,36.5
Russia,1930,5.6,35
Russia,1931,5.04,32.8
Russia,1932,4,17.4
Russia,1933,3.56,38.2
Russia,1934,4.24,39.6
Russia,1935,4.56,41.1
Russia,1936,5.04,39.9
Russia,1937,4.96,41.4
Russia,1938,4.88,43.6
Russia,1939,4.2,41.2
Russia,1940,4.6,23
Russia,1941,2.96,18
Russia,1942,1.68,16
Russia,1943,1.72,27
Russia,1944,1.92,34
Russia,1945,2.8,46.1
Russia,1946,2.96,40.4
Russia,1947,2.56,52.2
Russia,1948,3.12,55
Russia,1949,2.88,57.3
Russia,1950,2.88,57.8
Russia,1951,2.88,58.2
Russia,1952,2.72,59
Russia,1953,2.96,61
Russia,1954,2.8,63.4
Russia,1955,2.72,64.9
Russia,1956,2.76,64
Russia,1957,2.69,66.9
Russia,1958,2.58,67.7
Russia,1959,2.56,68.7
Russia,1960,2.46,68.9
Russia,1961,2.34,68.6
Russia,1962,2.28,69
Russia,1963,2.16,69.8
Russia,1964,2.09,69.4
Russia,1965,2.1,69.5
Russia,1966,2.01,69.3
Russia,1967,1.97,69.3
Russia,1968,1.98,68.7
Russia,1969,2,68.9
Russia,1970,2.02,69
Russia,1971,2.03,68.8
Russia,1972,1.96,69
Russia,1973,2,68.8
Russia,1974,1.97,68.3
Russia,1975,1.95,68
Russia,1976,1.92,68
Russia,1977,1.9,67.9
Russia,1978,1.87,67.6
Russia,1979,1.86,67.6
Russia,1980,1.88,67.9
Russia,1981,1.96,68.3
Russia,1982,2.09,68.1
Russia,1983,2.05,67.8
Russia,1984,2.05,68.5
Russia,1985,2.18,70
Russia,1986,2.23,70.2
Russia,1987,2.14,70.1
Russia,1988,2.02,69.8
Russia,1989,1.89,69.5
Russia,1990,1.73,69.3
Russia,1991,1.55,68.2
Russia,1992,1.37,65.5
Russia,1993,1.4,64
Russia,1994,1.34,64.8
Russia,1995,1.27,66
Russia,1996,1.22,67.1
Russia,1997,1.23,67.4
Russia,1998,1.16,66.2
Russia,1999,1.2,65.5
Russia,2000,1.22,65.5
Russia,2001,1.29,65.3
Russia,2002,1.33,65.1
Russia,2003,1.34,65.3
Russia,2004,1.29,64.8
Russia,2005,1.3,66.3
Russia,2006,1.41,67.3
Russia,2007,1.49,67.5
Russia,2008,1.54,68.4
Russia,2009,1.57,68.1
Russia,2010,1.59,69.8
Russia,2011,1.62,70.2
Russia,2012,1.66,70.7
Russia,2013,1.7,70.8
Russia,2014,1.74,71.3
Russia,2015,1.75,71.8
Russia,2016,1.76,72.1
Russia,2017,1.76,72.3
Russia,2018,1.77,72.5
Russia,2019,1.77,72.7
Russia,2020,1.78,72.8
Russia,2021,1.79,72.9
Tanzania,1799,6.74,32.2
Tanzania,1800,6.74,32.2
Tanzania,1801,6.74,32.2
Tanzania,1802,6.74,32.2
Tanzania,1803,6.74,32.2
Tanzania,1804,6.74,32.2
Tanzania,1805,6.74,32.2
Tanzania,1806,6.74,32.2
Tanzania,1807,6.74,32.2
Tanzania,1808,6.74,32.2
Tanzania,1809,6.74,32.2
Tanzania,1810,6.74,32.2
Tanzania,1811,6.74,32.2
Tanzania,1812,6.74,32.2
Tanzania,1813,6.74,32.2
Tanzania,1814,6.74,32.2
Tanzania,1815,6.74,32.2
Tanzania,1816,6.74,32.2
Tanzania,1817,6.74,32.2
Tanzania,1818,6.74,32.2
Tanzania,1819,6.74,32.2
Tanzania,1820,6.74,32.2
Tanzania,1821,6.74,32.2
Tanzania,1822,6.74,32.2
Tanzania,1823,6.74,32.2
Tanzania,1824,6.74,32.2
Tanzania,1825,6.74,32.2
Tanzania,1826,6.74,32.2
Tanzania,1827,6.74,32.2
Tanzania,1828,6.74,32.2
Tanzania,1829,6.74,32.2
Tanzania,1830,6.74,32.2
Tanzania,1831,6.74,32.2
Tanzania,1832,6.74,32.2
Tanzania,1833,6.74,32.2
Tanzania,1834,6.74,32.2
Tanzania,1835,6.74,32.2
Tanzania,1836,6.74,32.2
Tanzania,1837,6.74,32.2
Tanzania,1838,6.74,32.2
Tanzania,1839,6.74,32.2
Tanzania,1840,6.74,32.2
Tanzania,1841,6.74,32.2
Tanzania,1842,6.74,32.2
Tanzania,1843,6.74,32.2
Tanzania,1844,6.74,32.2
Tanzania,1845,6.74,32.2
Tanzania,1846,6.74,32.2
Tanzania,1847,6.74,32.2
Tanzania,1848,6.74,32.2
Tanzania,1849,6.74,32.2
Tanzania,1850,6.74,32.2
Tanzania,1851,6.74,32.2
Tanzania,1852,6.74,32.2
Tanzania,1853,6.74,32.2
Tanzania,1854,6.74,32.2
Tanzania,1855,6.74,32.2
Tanzania,1856,6.74,32.2
Tanzania,1857,6.74,32.2
Tanzania,1858,6.74,32.2
Tanzania,1859,6.74,32.2
Tanzania,1860,6.74,32.2
Tanzania,1861,6.74,32.2
Tanzania,1862,6.74,32.2
Tanzania,1863,6.74,32.2
Tanzania,1864,6.74,32.2
Tanzania,1865,6.74,32.2
Tanzania,1866,6.74,32.2
Tanzania,1867,6.74,32.2
Tanzania,1868,6.74,32.2
Tanzania,1869,6.74,32.2
Tanzania,1870,6.74,32.2
Tanzania,1871,6.74,32.3
Tanzania,1872,6.74,32.3
Tanzania,1873,6.74,32.4
Tanzania,1874,6.74,32.4
Tanzania,1875,6.74,32.4
Tanzania,1876,6.74,32.5
Tanzania,1877,6.74,32.5
Tanzania,1878,6.74,32.5
Tanzania,1879,6.74,32.6
Tanzania,1880,6.74,32.6
Tanzania,1881,6.74,32.7
Tanzania,1882,6.74,32.7
Tanzania,1883,6.74,32.7
Tanzania,1884,6.74,32.8
Tanzania,1885,6.74,32.8
Tanzania,1886,6.74,32.9
Tanzania,1887,6.74,32.9
Tanzania,1888,6.74,32.9
Tanzania,1889,6.74,33
Tanzania,1890,6.74,33
Tanzania,1891,6.74,33
Tanzania,1892,6.74,33.1
Tanzania,1893,6.74,33.1
Tanzania,1894,6.74,33.2
Tanzania,1895,6.74,33.2
Tanzania,1896,6.74,33.2
Tanzania,1897,6.74,33.3
Tanzania,1898,6.74,33.3
Tanzania,1899,6.74,33.4
Tanzania,1900,6.74,33.4
Tanzania,1901,6.74,33.4
Tanzania,1902,6.74,33.5
Tanzania,1903,6.74,33.5
Tanzania,1904,6.74,33.5
Tanzania,1905,6.74,33.6
Tanzania,1906,6.74,33.6
Tanzania,1907,6.74,33.7
Tanzania,1908,6.74,33.7
Tanzania,1909,6.74,33.7
Tanzania,1910,6.74,33.8
Tanzania,1911,6.74,33.8
Tanzania,1912,6.74,33.9
Tanzania,1913,6.74,33.9
Tanzania,1914,6.74,33.9
Tanzania,1915,6.74,34
Tanzania,1916,6.74,34
Tanzania,1917,6.74,13.2
Tanzania,1918,6.74,34.1
Tanzania,1919,6.74,34.1
Tanzania,1920,6.74,34.2
Tanzania,1921,6.74,34.2
Tanzania,1922,6.74,34.2
Tanzania,1923,6.74,34.3
Tanzania,1924,6.74,34.3
Tanzania,1925,6.74,34.4
Tanzania,1926,6.74,34.4
Tanzania,1927,6.74,34.4
Tanzania,1928,6.73,34.5
Tanzania,1929,6.73,34.5
Tanzania,1930,6.73,34.5
Tanzania,1931,6.73,34.6
Tanzania,1932,6.73,34.6
Tanzania,1933,6.73,34.6
Tanzania,1934,6.72,34.7
Tanzania,1935,6.72,34.7
Tanzania,1936,6.72,34.8
Tanzania,1937,6.72,34.8
Tanzania,1938,6.72,34.9
Tanzania,1939,6.72,34.9
Tanzania,1940,6.71,34.9
Tanzania,1941,6.71,35
Tanzania,1942,6.71,35
Tanzania,1943,6.71,35
Tanzania,1944,6.71,35.1
Tanzania,1945,6.71,36.9
Tanzania,1946,6.7,38.7
Tanzania,1947,6.7,40.6
Tanzania,1948,6.7,42.4
Tanzania,1949,6.7,44.3
Tanzania,1950,6.71,44.5
Tanzania,1951,6.73,45.1
Tanzania,1952,6.75,45.6
Tanzania,1953,6.77,46
Tanzania,1954,6.78,46.5
Tanzania,1955,6.79,46.9
Tanzania,1956,6.8,47.3
Tanzania,1957,6.8,47.7
Tanzania,1958,6.81,48
Tanzania,1959,6.81,48.4
Tanzania,1960,6.81,48.7
Tanzania,1961,6.8,49
Tanzania,1962,6.8,49.4
Tanzania,1963,6.8,49.7
Tanzania,1964,6.8,50.1
Tanzania,1965,6.8,50.5
Tanzania,1966,6.79,50.9
Tanzania,1967,6.79,51.4
Tanzania,1968,6.78,51.8
Tanzania,1969,6.77,52.3
Tanzania,1970,6.77,52.7
Tanzania,1971,6.76,53.1
Tanzania,1972,6.76,53.5
Tanzania,1973,6.76,53.8
Tanzania,1974,6.75,54.2
Tanzania,1975,6.74,54.6
Tanzania,1976,6.73,55
Tanzania,1977,6.71,55.2
Tanzania,1978,6.69,55.6
Tanzania,1979,6.65,55.8
Tanzania,1980,6.62,56
Tanzania,1981,6.58,56.1
Tanzania,1982,6.54,56.3
Tanzania,1983,6.5,56.3
Tanzania,1984,6.47,56.4
Tanzania,1985,6.42,56.3
Tanzania,1986,6.38,56
Tanzania,1987,6.33,55.7
Tanzania,1988,6.27,55.3
Tanzania,1989,6.21,54.9
Tanzania,1990,6.15,54.5
Tanzania,1991,6.08,53.9
Tanzania,1992,6.01,53.5
Tanzania,1993,5.95,53.1
Tanzania,1994,5.88,52.8
Tanzania,1995,5.83,52.6
Tanzania,1996,5.78,52.6
Tanzania,1997,5.74,52.8
Tanzania,1998,5.71,53.1
Tanzania,1999,5.69,53.5
Tanzania,2000,5.68,54.1
Tanzania,2001,5.67,54.8
Tanzania,2002,5.66,55.4
Tanzania,2003,5.65,56.1
Tanzania,2004,5.64,56.7
Tanzania,2005,5.62,57.4
Tanzania,2006,5.58,58.3
Tanzania,2007,5.54,59.3
Tanzania,2008,5.49,60
Tanzania,2009,5.43,60.9
Tanzania,2010,5.36,61.8
Tanzania,2011,5.29,62.8
Tanzania,2012,5.22,63.9
Tanzania,2013,5.15,64.9
Tanzania,2014,5.08,65.6
Tanzania,2015,5.02,66.2
Tanzania,2016,4.95,66.7
Tanzania,2017,4.89,67.3
Tanzania,2018,4.83,67.7
Tanzania,2019,4.77,68.1
Tanzania,2020,4.71,68.4
Tanzania,2021,4.65,68.7
United States,1799,7.03,39.4
United States,1800,7.01,39.4
United States,1801,6.99,39.4
United States,1802,6.96,39.4
United States,1803,6.94,39.4
United States,1804,6.92,39.4
United States,1805,6.9,39.4
United States,1806,6.87,39.4
United States,1807,6.85,39.4
United States,1808,6.83,39.4
United States,1809,6.81,39.4
United States,1810,6.79,39.4
United States,1811,6.76,39.4
United States,1812,6.74,39.4
United States,1813,6.72,39.4
United States,1814,6.7,39.4
United States,1815,6.67,39.4
United States,1816,6.65,39.4
United States,1817,6.63,39.4
United States,1818,6.61,39.4
United States,1819,6.59,39.4
United States,1820,6.57,39.4
United States,1821,6.54,39.4
United States,1822,6.52,39.4
United States,1823,6.5,39.4
United States,1824,6.48,39.4
United States,1825,6.46,39.4
United States,1826,6.44,39.4
United States,1827,6.42,39.4
United States,1828,6.4,39.4
United States,1829,6.38,39.4
United States,1830,6.36,39.4
United States,1831,6.34,39.4
United States,1832,6.32,39.4
United States,1833,6.3,39.4
United States,1834,6.28,39.4
United States,1835,6.26,39.4
United States,1836,6.24,39.4
United States,1837,6.22,39.4
United States,1838,6.2,39.4
United States,1839,6.18,39.4
United States,1840,6.14,39.4
United States,1841,6.09,39.4
United States,1842,6.05,39.4
United States,1843,6,39.4
United States,1844,5.96,39.4
United States,1845,5.91,39.4
United States,1846,5.87,39.4
United States,1847,5.82,39.4
United States,1848,5.78,39.4
United States,1849,5.73,39.4
United States,1850,5.69,39.4
United States,1851,5.64,39.4
United States,1852,5.6,39.4
United States,1853,5.55,39.4
United States,1854,5.51,39.4
United States,1855,5.46,39.4
United States,1856,5.42,39.4
United States,1857,5.37,39.4
United States,1858,5.33,39.4
United States,1859,5.28,39.4
United States,1860,5.26,38
United States,1861,5.23,34.5
United States,1862,5.2,34
United States,1863,5.18,31
United States,1864,5.15,38
United States,1865,5.12,39.4
United States,1866,5.1,39.4
United States,1867,5.07,39.4
United States,1868,5.04,39.4
United States,1869,5.02,39.4
United States,1870,4.99,39.4
United States,1871,4.96,39.4
United States,1872,4.94,39.4
United States,1873,4.91,39.4
United States,1874,4.88,39.4
United States,1875,4.86,39.4
United States,1876,4.83,39.4
United States,1877,4.8,39.4
United States,1878,4.77,39.4
United States,1879,4.75,39.4
United States,1880,4.7,40
United States,1881,4.66,40.6
United States,1882,4.61,41.2
United States,1883,4.57,41.7
United States,1884,4.52,42.3
United States,1885,4.48,42.9
United States,1886,4.43,43.5
United States,1887,4.39,44.1
United States,1888,4.35,44.6
United States,1889,4.3,45.2
United States,1890,4.26,45.6
United States,1891,4.21,46
United States,1892,4.17,46.3
United States,1893,4.12,46.7
United States,1894,4.08,47.1
United States,1895,4.03,47.5
United States,1896,3.99,47.8
United States,1897,3.94,48.2
United States,1898,3.9,48.6
United States,1899,3.85,49
United States,1900,3.85,49.3
United States,1901,3.84,50.5
United States,1902,3.83,50.6
United States,1903,3.79,49.6
United States,1904,3.75,50.3
United States,1905,3.71,50.1
United States,1906,3.67,50.2
United States,1907,3.63,51.9
United States,1908,3.58,52.8
United States,1909,3.59,51.8
United States,1910,3.57,53.4
United States,1911,3.56,54.1
United States,1912,3.45,53.5
United States,1913,3.57,54.6
United States,1914,3.52,55.1
United States,1915,3.47,54.2
United States,1916,3.33,54
United States,1917,3.31,47.2
United States,1918,3.07,55.3
United States,1919,3.26,55.4
United States,1920,3.33,58.3
United States,1921,3.11,58.1
United States,1922,3.1,57.5
United States,1923,3.12,58.5
United States,1924,3.01,58.5
United States,1925,2.9,58
United States,1926,2.82,59.5
United States,1927,2.66,58.4
United States,1928,2.53,58.5
United States,1929,2.53,59.7
United States,1930,2.4,60.4
United States,1931,2.32,61.1
United States,1932,2.01,61
United States,1933,2.07,60.4
United States,1934,2.04,61
United States,1935,2.01,60.5
United States,1936,2.04,61.2
United States,1937,2.09,62.5
United States,1938,2.05,63.2
United States,1939,2.11,63.4
United States,1940,2.23,63.9
United States,1941,2.47,64.7
United States,1942,2.57,64.4
United States,1943,2.44,65.2
United States,1944,2.38,65.7
United States,1945,2.83,66.4
United States,1946,3.16,66.8
United States,1947,3.01,67.4
United States,1948,3.02,67.8
United States,1949,3.02,68.2
United States,1950,3.2,68.3
United States,1951,3.3,68.5
United States,1952,3.37,68.9
United States,1953,3.49,69.7
United States,1954,3.54,69.7
United States,1955,3.65,69.8
United States,1956,3.74,69.6
United States,1957,3.69,69.8
United States,1958,3.69,70.1
United States,1959,3.67,70
United States,1960,3.63,70.4
United States,1961,3.48,70.3
United States,1962,3.35,70.1
United States,1963,3.22,70.4
United States,1964,2.93,70.5
United States,1965,2.71,70.5
United States,1966,2.56,70.9
United States,1967,2.47,70.5
United States,1968,2.46,70.8
United States,1969,2.46,71
United States,1970,2.27,71.3
United States,1971,2.01,71.5
United States,1972,1.87,71.8
United States,1973,1.83,72.2
United States,1974,1.77,72.6
United States,1975,1.74,73
United States,1976,1.78,73.3
United States,1977,1.75,73.6
United States,1978,1.8,73.9
United States,1979,1.82,74.1
United States,1980,1.81,74.4
United States,1981,1.81,74.6
United States,1982,1.78,74.7
United States,1983,1.79,74.8
United States,1984,1.84,74.9
United States,1985,1.84,75
United States,1986,1.87,75.1
United States,1987,1.92,75.2
United States,1988,2,75.3
United States,1989,2.07,75.6
United States,1990,2.06,75.7
United States,1991,2.04,75.9
United States,1992,2.02,75.8
United States,1993,2,75.8
United States,1994,1.98,75.9
United States,1995,1.98,76.3
United States,1996,1.97,76.6
United States,1997,2,76.8
United States,1998,2.01,76.8
United States,1999,2.05,76.9
United States,2000,2.03,76.9
United States,2001,2.02,77
United States,2002,2.05,77.2
United States,2003,2.06,77.5
United States,2004,2.06,77.6
United States,2005,2.11,77.8
United States,2006,2.12,78
United States,2007,2.07,78.2
United States,2008,2,78.4
United States,2009,1.93,78.7
United States,2010,1.9,78.8
United States,2011,1.9,78.9
United States,2012,1.96,78.9
United States,2013,1.95,78.9
United States,2014,1.93,78.8
United States,2015,1.92,78.6
United States,2016,1.91,78.6
United States,2017,1.9,78.6
United States,2018,1.9,78.6
United States,2019,1.89,78.6
United States,2020,1.89,78.7
United States,2021,1.89,78.8
